youtub,1887
yield,2157
yellow,1133
yahoo,1981
xpath,1523
xmlhttp,2173
xhtml1,435
xhtml,2074
xcode,2243
xampp,1102
wrote,2350
wrong,2792
written,2712
writer,2497
write,2833
wrapper,2681
wouldn,2286
worth,2004
worri,2164
workspac,1951
worksheet,1374
workflow,1925
worker,2497
workbook,1652
workaround,2077
wordpress,2374
wonder,2634
wizard,1553
winfx,465
winform,1666
window,2835
winapi,1304
win32,1937
wildcard,1279
wikipedia,1512
width,2719
widget,2703
whitespac,1122
white,1837
wheel,732
weird,1807
weight,2295
webview,1775
websit,2778
webservic,2221
webserv,1520
webpag,2052
weblog,1913
webkit,1873
webform,1389
webapp,1886
weather,1857
wchar,440
waugh,116
watcher,1598
watch,1958
w3school,1603
vs2010,1801
volum,1865
volatil,1559
visual,2745
vista,670
visitor,1475
visit,2098
visibl,2722
virtual,2731
violat,1488
vimrc,1216
viewport,1743
viewmodel,994
viewer,2177
view1,1960
video,2756
vertic,1995
vertex,391
version,2836
verifi,2444
verif,1246
verbos,1549
vendor,887
vehicl,1701
vector,2629
variant,1300
variabl,2823
varchar,2292
value2,400
valign,1215
valid,2829
vaadin,1600
usual,1109
usernam,2726
userid,2066
usabl,336
urllib2,1463
urlencod,1259
upper,1755
upload,2765
upgrad,2176
updat,2842
unsign,2100
unmarshal,1034
unmanag,1716
unlock,2022
unload,1724
unknown,2444
univers,1191
uniqu,2694
union,1992
uninstal,554
unicod,2523
unhandl,1447
unexpect,1548
understood,751
understand,2777
underli,1937
undefin,2555
uncheck,818
unbind,1463
unabl,2308
ultim,1391
ubuntu,1956
typic,2235
typeof,2506
typenam,2004
typedef,2193
twitter,2522
tweet,1587
tween,1382
tweak,1727
tutori,2649
trust,1797
trunk,2261
truncat,882
troubl,2292
trivial,1790
trigger,2688
tricki,1660
trick,2451
treeview,1742
treat,2235
travers,1169
transport,1287
transpar,2058
translat,2628
transit,1927
transform,2632
transfer,2469
transact,2665
trait,1775
train,1747
trail,443
traffic,1809
tradit,1095
trade,769
track,2715
trace,2669
touch,2649
total,2722
toplay,1549
topic,2556
tooltip,2208
toolkit,2129
toolbox,1358
toolbar,2079
tomcat,2334
token,2698
toggl,2458
todai,2095
toast,1935
tinymc,1937
timezon,2120
timestamp,2613
timer,2640
timeout,2604
ticket,1758
thumbnail,2211
thumb,2209
thrown,1776
throw,2692
three,2677
thread,2814
thousand,277
thought,2659
third,2639
think,2525
thing,2831
thick,916
theori,945
theme,2423
textview,1543
textur,2243
textio,1480
textfield,1608
textbox,2423
textarea,2188
test2,1124
test1,1937
termin,2517
temporari,2183
templat,2816
telerik,1661
technolog,2062
techniqu,2100
technic,1669
teacher,1925
target,2808
table2,1399
table1,1940
system32,1231
system,2837
synthes,1716
syntax,2697
synonym,1506
synchron,2621
symfoni,1363
symbol,2552
sword,406
switch,2723
swipe,1344
swing,2250
suspend,1270
suspect,1758
surpris,1232
surfac,1988
suppress,1039
suppos,2648
support,2803
suppli,1994
superview,1343
superclass,1543
super,2489
summari,2651
suitabl,970
suggest,2767
suffix,757
suffici,1146
success,2718
subview,1636
subvers,2159
subtract,1595
substr,2472
substitut,994
subset,1459
subsequ,1485
subscript,1455
subscrib,2003
subqueri,1147
subprocess,1601
submit,2723
submiss,1277
subject,2539
subdomain,1440
subclass,2527
stylesheet,2201
style4,1216
style,2799
stupid,1491
stuff,2756
studio,2615
studi,1698
student,1923
stuck,1920
struggl,1044
structur,2776
struct,2634
strtotim,1766
strong,1969
stroke,1772
strlen,1626
strip,2289
string,2846
strict,2044
stretch,1252
street,1889
stream,2787
strategi,2216
strang,1852
straightforward,1500
straight,1440
storyboard,1654
stori,1759
store,2820
storag,2550
stock,1961
sticker,1740
stick,1405
stdout,1617
stdio,661
stdin,1230
stderr,1594
status,1840
statu,2795
statist,1697
static,2214
statement,2755
state,2822
startup,2193
start,2847
standard,2792
standalon,1127
stand,1381
stage,2373
stackoverflow,2425
stack,2767
stabl,1624
squar,1852
sqlite3,1533
sqlite,2136
sprite,2313
springframework,2092
spring,2528
spreadsheet,1823
spread,294
split,2734
spinner,1539
spent,1000
spend,885
speed,2351
specifi,1205
specif,2823
special,2688
speak,711
spatial,1303
space,2758
south,1433
sourceforg,1720
sourc,2836
sound,2685
sortabl,1770
solut,2828
solid,736
softwar,2582
socket,2736
social,1354
snippet,2497
snapshot,1577
smooth,757
smarti,1534
smart,1650
smaller,2172
small,2727
slower,1509
slider,2377
slide,2449
slice,2090
sleep,2142
slash,1652
sizeof,2046
situat,2466
singleton,2346
singl,2804
simultan,282
simul,2184
simplifi,2227
simpli,2794
simplest,2049
simpler,1566
simpl,2828
silverlight,2543
silli,895
signatur,2221
signal,2265
shutdown,1205
shuffl,1323
shouldn,2455
shorter,1383
shortcut,1987
short,2621
shine,1058
shift,1781
shell,2688
sheet,2401
sharp,2065
sharepo,1754
share,2815
shape,2357
shadow,1805
sever,1269
setup,2691
setter,2475
setopt,1082
session,2808
servlet,2493
servic,2829
server,2846
serializ,2061
serial,2736
sequenti,1876
sequenc,2603
seper,1676
separ,2787
sentenc,1508
sensor,805
sensit,1587
sender,2575
sencha,1335
semant,1733
selenium,1979
selector,2688
select,2832
segment,2503
secur,2772
section,1997
secret,2111
second,2836
search,2824
sdescr,967
scrollview,1227
scrollbar,1238
scroll,2677
script,2831
screenshot,1998
screen,2785
scratch,1507
scrape,1699
score,2380
scope,2707
school,1570
scheme,2511
schema,2663
schedul,2569
scene,1232
scenario,2521
scanner,1491
scale,2496
scalar,1395
scalabl,1606
scala,2335
satisfi,630
sandbox,1729
sampl,2781
safari,1795
runtim,2734
runner,1967
runnabl,1890
runat,2173
ructor,2673
rubyonrail,1614
rubygem,1518
routin,1918
router,1884
round,2384
rotat,2303
robust,1174
robot,596
right,1036
rewrit,2599
revis,2189
review,1946
revert,1344
revers,2197
reusabl,1626
return,2821
retriev,2733
retain,2268
resum,1474
result,2835
restrict,2422
restor,2116
restart,2223
respons,2803
respond,2587
respect,1773
resourc,2816
resolv,2665
resolut,1689
resiz,2417
resid,1564
reset,2579
reserv,1633
requir,2835
request,2833
reproduc,1043
represent,1981
repres,2595
repositori,2755
report,2773
replic,1895
repli,2258
replac,2795
repeat,2542
render,2780
renam,2212
remov,2814
remot,2719
rememb,2521
remain,2393
reload,2359
reliabl,1432
relev,2392
releas,2779
relationship,2490
relat,2428
reject,1669
regular,2673
registri,2342
registr,2218
regist,2746
region,2364
regexp,1602
regex,2667
refresh,2552
refman,1534
reflect,2553
referenc,2494
refer,2832
refactor,1652
redund,1240
reduc,2279
redirect,2739
recycl,1662
recurs,2456
rectangl,2095
recreat,1996
record,2780
recommend,2732
recogn,2207
recipi,1678
receiv,2786
reason,2793
realloc,1398
realiz,2092
readonli,1814
readi,2549
reader,2586
readabl,2042
reachabl,1158
reach,2075
razor,1147
ratio,637
rank1,1340
rank0,1348
randomli,1317
random,2705
raint,2084
radiu,1659
radio,2378
radar,868
quick,2383
queue,2695
question,2842
querystr,729
queryabl,1506
queri,2833
quartz,1403
quantiti,1661
qualiti,1991
qualifi,1553
python,2796
purpos,2646
purchas,1311
publish,2480
public,2829
pthread,1805
pseudo,1447
proxi,2665
provid,2819
prove,1109
prototyp,2297
protocol,2547
protect,2698
propos,1310
properti,2831
properli,2713
proper,2434
propag,1096
proof,364
prompt,1778
promot,672
prolog,943
project,2833
progress,2649
programmat,2210
programm,2015
programat,663
program,2834
profil,2755
profession,473
productid,1553
product,2822
produc,2577
processor,2450
process,2825
procedur,2646
proce,288
problem,2843
probabl,426
privileg,1830
privat,2815
prioriti,1911
prior,1510
println,2565
printf,2276
print,2770
principl,1616
princip,1900
primit,2245
prime,1063
primari,2477
price,2610
previou,2681
preview,2014
prevent,2523
pretti,2745
presum,1535
press,2690
preserv,1227
present,2494
presenc,1207
preprocessor,1476
prepar,2029
prefix,2456
prefer,2776
predic,2300
precis,1850
preced,1168
pragma,1244
practic,2609
powershel,870
power,2430
potenti,745
postgresql,2123
postback,1504
possibl,1739
posix,1850
posit,2791
portrait,1069
portion,1861
portal,1699
portabl,1274
popup,2530
popular,1225
popul,2584
popov,986
polymorph,1300
polici,2205
pointer,2748
point,2814
plugin,2782
plist,1937
plenti,924
playlist,1706
player,2719
platform,2618
plain,2530
placement,1381
placehold,1526
place,2787
pixel,2482
pivot,1442
pipelin,866
pictur,2571
picker,2250
physic,1540
photo,2566
phone,2803
phase,1691
perspect,1402
person,2761
persist,2584
permut,1203
permiss,2683
period,2089
perform,2803
perfectli,1905
perfect,1510
percentag,1332
percent,1232
peopl,2716
penguin,255
payment,1907
pattern,2761
patch,2293
pastebin,1377
password,2751
passeng,876
partner,2030
partit,1858
partial,2604
parti,2350
parser,2691
parenthes,275
parent,2759
paramet,2813
param,2777
parallel,1932
paragraph,1386
paper,1499
panel,2695
palett,1051
paint,2101
pagin,2258
paddl,549
packet,2127
packag,2731
owner,2137
overwrit,1784
overview,1507
overrid,2714
overload,2105
overlap,1726
overlai,2412
overhead,1892
overflow,2349
output,2810
outlook,1862
outlet,1209
outer,2201
ostream,1141
origin,2811
orient,2443
organ,2347
order,2825
orang,1557
oracl,2487
option,2839
optim,2588
opinion,1524
opera,1583
openssl,1703
openjdk,1188
openid,1995
opengl,2064
opencv,1840
opaqu,1389
onload,1976
onlin,2317
onclick,2323
onchang,1064
older,1839
offset,2539
offlin,1082
offici,1789
offic,2338
offer,2125
occurr,1259
occur,2629
occup,1869
obviou,1911
observ,2568
object,2849
obfusc,1508
oauth,2201
nvarchar,1505
numer,2424
number,2833
nullabl,1881
nsxml,1298
nsurl,1967
notifi,2487
notif,2592
notic,2653
notepad,1767
notat,1748
nosql,1530
north,1327
normal,2760
nokia,1334
nofollow,2827
nhibern,1638
nginx,1158
newlin,1690
newli,985
newer,811
newbi,890
neutral,1121
network,2699
netbean,2023
navig,2739
natur,1838
nativ,2690
namespac,2726
name1,1567
myusernam,1466
mysqli,1630
mysql,2785
mysit,1929
mydomain,1337
mutex,1689
mutabl,2165
music,1457
multithread,2024
multipli,1902
multipl,2801
multipart,1742
multi,2596
mscorlib,1342
mozilla,1746
movement,1200
mouseov,1503
mount,478
motion,1245
mortbai,1423
month,2538
monitor,2693
mongodb,1937
mongo,1454
monei,1999
moment,2124
modul,2786
modifi,2784
modif,2074
modern,1549
model,2827
modal,2368
mobil,2570
mistak,1516
minut,2595
minor,1503
minimum,1800
minim,2190
millisecond,1258
milli,1435
migrat,2392
middl,2193
microsoft,2540
micro,560
metric,1413
method2,1699
method1,1820
method,2835
meter,444
metadata,2432
messeng,1504
messag,2835
mercuri,1862
mention,2700
memori,2794
membership,2338
member,2689
medium,1009
media,2688
mechan,2130
measur,2215
meant,1862
maximum,1876
maven,2262
matter,2632
matrix,2339
matlab,1301
materi,1862
matcher,1394
match,2800
master,2686
marshal,2483
markup,2471
market,1599
marker,2203
markdown,1704
margin,2291
mapper,1611
manufactur,1494
manual,2745
manner,1602
manipul,2448
manifest,2055
mandatori,853
manag,2823
malloc,1985
makefil,1476
major,1866
mainten,1864
maintain,2462
mailer,1744
magic,2206
magento,1824
macro,2179
machin,2728
lucen,1839
lowest,738
lower,2447
lookup,2477
logout,1902
login,2790
logic,2735
logger,2064
log4j,1724
locat,2824
localhost,2525
local,2815
loader,2494
liter,1733
listview,2003
listen,2746
listbox,1965
list2,1450
list1,1671
linux,2644
linker,1369
linear,2437
limit,2771
light,2363
lifetim,1087
lifecycl,1802
licens,2169
librari,2810
lib64,189
level,2788
letter,2274
leopard,1135
length,2755
legend,1503
legal,1601
legaci,1625
learn,2576
layout,2754
layer,2705
launcher,1772
launch,2524
latitud,717
latest,2308
latenc,185
lastnam,1568
larger,2117
languag,2811
landscap,1318
lambda,2023
label,2765
kwarg,473
knowledg,2015
keyword,2580
keystrok,1048
keypress,1284
keyboard,2400
kernel,2365
junit,1336
jsonp,1546
jsfiddl,1441
jsbin,1439
jqueryui,1474
jqueri,2777
journei,1764
joomla,1018
jetti,1633
jboss,1924
javax,2332
javascript,2822
javas,1156
javae,1158
javadoc,1845
item1,1489
isset,1911
iphon,2739
iostream,1592
involv,2067
invok,2710
invoic,2201
invoc,1696
investig,736
invest,1293
invari,1355
invalid,2712
introduct,1950
introduc,2063
interv,2412
intersect,1452
interrupt,1482
interpret,2403
interop,1094
internet,2500
intern,2754
interfac,2800
interest,2668
intercept,1072
interact,2430
intent,2651
intens,1569
intend,2188
intel,1147
integr,2532
integ,2733
int32,2387
instrument,2173
instruct,2317
instanti,2447
instanc,2816
instal,2751
inspect,1173
insight,1473
insid,2778
insert,2779
insensit,1615
input,2821
innodb,2002
innerhtml,2011
inner,2685
inlin,2472
inject,2569
initi,2803
inherit,2686
inform,1413
inflat,2001
infinit,1315
individu,2312
indic,2667
index,2521
independ,1877
indent,2147
increment,2369
increas,2103
incorrectli,1481
incorrect,2183
incom,1495
includ,2838
inact,1817
improv,2163
imposs,1597
import,2805
implicitli,1219
implicit,1816
impli,1440
implement,2825
impact,960
immut,2035
imgur,967
imagin,1633
illustr,1390
illeg,1683
ignor,2578
ifram,2580
identifi,2714
ident,2694
ideal,2170
ï¿½ï¿½,1855
ï¿½â‚¬ï¿½?,1645
ï¿½â‚¬ï¿½,2088
ï¿½â‚¬â€œ,911
ï¿½â‚¬â„¢,593
hyperlink,1309
hundr,971
human,818
hudson,1552
httpd,1689
http11,1008
html5,2289
htaccess,2098
howto,1425
hover,2442
hostnam,1503
horizont,2210
hopefulli,1800
honour,338
homework,1128
homepag,1513
holder,2242
hobbi,1321
histori,2312
highlight,2249
highli,1498
highest,1254
higher,1437
hierarchi,2188
hidden,2631
hibern,2725
heroku,1759
helper,2730
hello,2714
height,2686
heavi,755
heard,1077
health,1275
header,2817
haven,2568
haskel,2057
harper,116
hardwar,1714
harder,1576
happi,1866
happen,2708
handler,2792
handl,2814
handi,974
guidelin,1815
guess,2749
guarante,2146
group,2814
groovi,1628
gridview,1680
green,1875
greatli,1754
greater,1546
great,2565
graphic,2629
graph,2629
grant,1155
grammar,1590
grail,1830
gradient,1864
googl,2783
gmail,1450
global,2724
glassfish,1498
github,2038
getter,1983
getjson,1857
getdat,1569
gestur,1895
geometri,665
geocod,1286
gener,2838
gender,1609
gather,1225
garbag,1668
galleri,2399
futur,2133
fundament,175
function,2847
fulli,1953
fruit,1841
front,2329
friendli,1577
friend,2592
fresh,1560
frequent,1571
frequenc,556
frank,343
framework,2787
frame,2784
fragment,2100
fraction,1315
foundat,1974
forward,2453
forum,2335
formula,1556
formatt,2294
format,2824
form2,1509
form1,2047
forgot,1144
forget,1748
foreign,2081
foreground,1901
foreach,2725
footer,2131
foobar,1150
follow,2485
folder,2774
focus,1515
flush,2155
fluent,1469
floor,995
float,2048
flexibl,1882
flavor,1733
flash,2684
fixtur,1655
firstnam,1613
firefox,2512
firebug,2006
finish,2681
final,2804
filter,2801
filesystem,1586
filenam,2623
file1,1735
file0,1348
figur,2748
field2,1291
field1,1431
field,2820
fiddl,1838
ffffff,1056
fetch,2709
feedback,348
featur,2781
favorit,2153
favicon,1117
fault,1840
fatal,1638
faster,2467
fastcgi,1624
fashion,1336
fanci,1161
familiar,1797
famili,1674
fairli,1731
failur,2344
factori,2657
factor,2102
facet,1333
facelet,1580
facebook,2701
extrem,1208
extract,2558
extra,2689
extern,2729
extent,1272
extens,2742
extend,2726
express,2801
expos,2378
export,2597
explor,2415
explod,1966
explicitli,2328
explicit,1752
explan,1801
explain,2610
expir,2497
expert,922
experienc,899
experi,2553
expens,1338
expect,2787
expand,2555
exiv2,1833
exist,2822
exercis,1667
executor,1886
execut,2813
exclus,1525
exclud,2024
exchang,1369
except,2811
excel,2686
exampl,2844
exactli,2720
exact,2421
everytim,1109
eventu,1699
event,2835
evelyn,338
evalu,2501
estim,1127
establish,1122
essenti,2222
escap,2408
error,2844
erlang,1020
equival,2556
equiv,1401
equat,957
equal,2723
environ,2671
envelop,1778
enumer,2693
entri,2789
entiti,2795
entir,2725
enterpris,1652
enter,2755
ensur,2594
english,1732
engin,2709
enforc,1096
endpoint,1449
endpo,851
endif,1716
encrypt,2674
encount,1642
encod,2762
encapsul,1917
enabl,2781
empti,2749
employe,2479
employ,1071
emerg,1144
embed,2503
email,2781
elimin,1373
element,2824
elaps,1583
effort,1341
effici,2520
effect,2517
editor,2697
eclips,2660
easili,2697
easiest,1530
easier,2677
earlier,1713
earli,648
dyyyi,813
dynam,2783
dylib,1596
dword,1581
durat,2300
duplic,2702
dummi,2093
drupal,2362
dropdown,2128
driver,2658
driven,1689
drive,2222
drawn,1158
drawabl,2280
draggabl,1961
download,2785
doubt,1711
doubl,2116
domain,2766
doesnt,1702
doesn,2822
document,2837
doctyp,1805
doctrin,2114
djangoproject,1816
django,2707
divis,1496
divid,2198
distribut,2201
distinguish,808
distinct,2151
distanc,1871
disposit,1176
dispos,2464
displai,2826
dispatch,2522
dismiss,1581
discuss,1949
discov,970
disappear,1352
disabl,2644
dirti,1854
directori,2797
directli,2743
direct,2754
dimens,2373
digit,2337
digest,1586
difficult,2129
differ,2788
dictionari,2749
dialog,2767
dialect,1068
diagram,1861
diagnost,1133
devis,1577
devic,2749
develop,2780
determin,2699
detector,1323
detect,2621
detail,2819
detach,1117
destructor,1376
destroi,2079
destin,2241
desktop,2413
desir,2443
design,2810
deseri,2062
descriptor,1931
descript,2738
describ,2577
descend,2030
deriv,2375
depth,2169
deprec,1606
deploy,2040
deploi,2459
depend,2815
depart,2054
demonstr,1683
demand,569
delta,1148
delphi,2229
deliveri,1622
delimit,2008
delet,2801
deleg,2758
delai,2269
degre,937
definit,2750
defin,2812
default,2832
dedic,818
decrypt,2039
decor,1852
decod,2524
declar,2763
decis,600
decim,2458
decid,2479
decent,770
debugg,1957
debug,2763
dealloc,2003
david,550
datetim,2411
datepick,2035
datatyp,1097
datat,1755
datasourc,1499
dataset,1942
datagrid,1239
databas,2823
daili,1085
daemon,1458
cygwin,1365
custom,2830
cursor,2649
current,2838
currenc,1375
curlopt,1510
curiou,1545
cultur,1539
crypto,1813
cross,2285
critic,1672
criteria,2282
credit,1119
credenti,2038
creator,2034
creation,2476
creat,2844
crash,2582
coyot,1301
cover,2446
court,121
cours,2769
coupl,2521
countri,2509
counter,2584
countdown,1355
count,2799
couldn,2099
corrupt,1546
correspond,2500
correctli,2710
correct,2786
corner,1807
coordin,2316
coord2d,75
coord,1959
cooki,2732
convert,2813
convers,2575
convent,2197
conveni,1435
control,2841
contribut,466
contrib,1466
contract,2564
continu,2671
context,2820
content,2834
contain,2778
contact,2750
consum,2449
constructor,1791
constraint,1441
constant,1286
consol,2774
consist,2368
consider,1176
consid,2759
connector,1260
connect,2817
confus,2430
conform,1549
conflict,1953
confirm,2358
configur,2798
config,2756
condit,2728
concurr,2316
concret,1818
concern,2213
conceptu,1790
concept,2352
concaten,1556
concat,1676
comput,2725
compress,2239
comprehens,930
composit,1969
compos,1278
compon,2809
complic,2260
compliant,1616
complex,2689
complet,2808
complain,806
compil,2794
compat,2440
comparison,2440
compar,2746
compani,2657
compact,997
commun,2627
common,2775
commit,2595
commerci,1098
comment,2788
command,2817
comma,1869
combobox,1334
combo,2258
combin,2676
column,2804
colour,2177
color,2755
collis,1121
collin,49
collector,1464
collect,2798
collaps,1489
codeproject,1381
codeplex,1728
codeignit,2144
codehau,1513
codec,1591
cocoa,2317
cluster,1944
cloud,1169
closur,2061
closest,1490
close,2818
clone,2550
clojur,2250
clock,1903
clipboard,1497
client,2835
clickabl,1689
click,2823
clearli,1177
clear,2760
cleanup,1601
cleaner,1644
clean,2531
claus,2306
classroom,1899
classpath,2237
classic,1275
class,2850
clarifi,1420
claim,1284
circl,2017
cipher,1578
chunk,2421
chrome,2371
chosen,1281
choos,2680
choic,2635
children,2523
child,2762
cheer,669
checksum,1621
checkout,1822
checkbox,2575
check,2842
chart,2602
charset,2173
charact,2793
chapter,1300
channel,2294
chang,2839
chanc,1875
challeng,1363
chain,1871
certif,2266
central,1768
center,2598
cdata,1570
caught,833
categori,2745
catch,2705
catalog,2009
catalina,1484
castl,1650
cascad,1987
captur,2546
caption,1905
capac,1709
capabl,2156
canva,2633
canon,1289
candid,1835
cancel,2506
camera,2084
caller,1599
callback,2767
calendar,2529
calcul,2696
cakephp,2094
button1,1688
button,2813
bundl,2480
bunch,2068
bullet,970
built,2694
builder,2654
build,2819
buffer,2746
bucket,48
brush,1759
browser,2806
brows,2299
broken,1593
broadcast,1229
bring,1829
bridg,1490
breakpo,1709
break,2769
brand,1203
branch,2447
bracket,1259
brace,864
boundari,1347
bound,2588
bottom,2547
bother,1093
border,2507
bootstrap,1351
boost,2639
boolean,2700
bookmark,1821
board,2221
bluetooth,763
blogspot,1608
block,2796
blend,1161
blank,2461
blackberri,1427
black,2176
bitmap,2684
binder,1797
binari,2664
biggest,945
bigger,1809
better,2819
benefit,1932
benchmark,1619
behaviour,1864
behavior,2693
behav,1549
beginn,1305
beauti,487
batch,2347
basic,2813
base64,1515
banner,1976
bandwidth,1514
balanc,922
backward,303
backup,2017
backslash,1024
background,2779
backend,1007
awesom,1704
averag,2066
avail,1807
autowir,911
autoreleas,2051
automat,2741
autom,1672
autoload,1746
autocomplet,2149
author,2681
authent,2741
audit,1761
audio,2574
attribut,2817
attempt,2664
attack,1635
attach,2681
asynchron,2078
async,2638
assumpt,1517
assum,2772
associ,2626
assist,565
assign,2760
asset,1757
assert,2212
assembl,2734
aspnet,1495
aspect,1999
asihttp,1246
ascii,2018
artifact,1908
articl,2793
arrow,1985
arriv,1827
arraylist,1694
arrang,813
arrai,2829
armv7,1078
armv6,843
arithmet,1218
arial,724
argument,2770
archiv,2479
architectur,2076
arbitrari,2260
approv,1606
appropri,2636
approach,2756
appreci,2619
applic,2841
appli,2778
applet,1499
appengin,1606
append,2758
appear,2751
apart,1768
apache2,1383
apach,2486
answer,2819
anonym,2236
annot,2605
annoi,483
angela,406
android,2812
anchor,2127
ancestor,1581
analyz,1836
analyt,1593
analysi,2047
amount,2575
amd64,763
amazon,1687
altern,2743
alter,2311
alphabet,1283
alpha,1975
allow,2826
alloc,2716
align,2507
alias,1510
algorithm,2718
alert,2735
album,835
alarm,1734
ahead,1401
aggreg,1709
agent,2311
affect,1617
advis,1865
advic,2025
advantag,2316
advanc,2767
administr,1868
admin,2692
adjust,1939
address,2812
addon,1747
addition,676
addit,2757
adapt,2700
actual,2758
activex,1261
activerecord,555
activ,2823
actionscript,1781
action,2836
achiev,2632
account,2759
accordion,950
accomplish,2218
accommod,1257
accessor,1989
access,2838
accept,2709
acceler,512
abstract,2642
absolut,2561
abort,2063
28java,1661
200px,653
139px,646
100px,684
