dll,assembl
dll,project
dll,librari
dll,program
dll,configur
dll,directori
dll,separ
dll,system
dll,build
dll,folder
dll,provid
dll,depend
dll,applic
dll,servic
dll,runtim
dll,modifi
dll,allow
dll,refer
dll,built
dll,modul
dll,packag
dll,local
dll,compil
dll,includ
dll,basic
dll,requir
dll,run
dll,test
dll,call
dll,studio
dll,resourc
dll,debug
dll,version
dll,extens
dll,exist
dll,share
dll,doesn
dll,extern
dll,copi
dll,visual
dll,note
dll,idea
dll,ex
dll,standard
dll,web
dll,net
dll,file
dll,gui
dll,code
dll,object
dll,don
dll,correct
dll,process
dll,featur
dll,miss
dll,execut
dll,simpli
dll,manag
dll,python
dll,window
dll,namespac
dll,well
dll,machin
dll,sampl
dll,control
dll,work
dll,fine
dll,app
dll,setup
dll,specif
dll,directli
dll,instal
dll,scope
dll,defin
dll,framework
dll,go
dll,kind
dll,sourc
dll,written
dll,ve
dll,assum
dll,support
dll,method
dll,logic
dll,manual
dll,site
dll,ructor
dll,symbol
dll,target
dll,main
dll,problem
dll,compon
dll,os
dll,reason
dll,gener
dll,guess
dll,languag
dll,base
dll,multipl
dll,error
dll,find
dll,develop
dll,wcf
dll,solut
dll,tool
dll,vb
dll,issu
dll,exampl
dll,simpl
dll,entiti
dll,easi
dll,fail
dll,command
dll,wrong
dll,entir
dll,thing
dll,thread
dll,environ
dll,ll
dll,io
dll,actual
dll,attempt
dll,common
dll,dynam
dll,creat
dll,implement
dll,appropri
dll,client
dll,script
dll,jar
dll,name
dll,structur
dll,vs2010
dll,need
dll,interfac
dll,sens
dll,write
dll,definit
dll,current
dll,microsoft
dll,isn
dll,access
dll,better
dll,ii
dll,open
dll,custom
dll,won
dll,context
dll,excel
dll,server
dll,templat
dll,link
dll,properti
dll,prefer
dll,class
dll,express
dll,info
dll,scenario
dll,protect
dll,will
dll,plugin
dll,report
dll,ni
dll,didn
dll,api
dll,variabl
dll,log
dll,figur
dll,understand
dll,declar
dll,thought
dll,load
dll,collect
dll,rememb
dll,sql
dll,databas
dll,state
dll,handl
dll,path
dll,differ
dll,question
dll,js
dll,edit
dll,read
dll,locat
dll,import
dll,svn
dll,xml
dll,task
dll,tell
dll,addit
dll,pass
dll,intern
dll,detail
dll,util
dll,best
dll,ms
dll,argument
dll,happen
dll,websit
dll,entri
dll,design
dll,start
dll,consid
dll,xaml
dll,suggest
dll,mvc
dll,valid
dll,help
dll,stuff
dll,lot
dll,initi
dll,document
dll,easier
dll,full
dll,instanc
dll,spring
dll,java
dll,attribut
dll,reflect
dll,domain
dll,automat
dll,releas
dll,binari
dll,approach
dll,easili
dll,exactli
dll,form
dll,permiss
dll,data
dll,consol
dll,id
dll,function
dll,cours
dll,insid
dll,place
dll,bind
dll,model
dll,content
dll,lib
dll,header
dll,updat
dll,repositori
dll,eclips
dll,wrapper
dll,memori
dll,pretti
dll,unit
dll,vc
dll,dummi
dll,virtual
dll,option
dll,x86
dll,oper
dll,singl
dll,correctli
dll,hope
dll,phone
dll,config
dll,check
dll,good
dll,linker
dll,network
dll,instruct
dll,regist
dll,root
dll,learn
dll,type
dll,py
dll,recommend
dll,except
dll,throw
dll,chang
dll,add
dll,linux
dll,pattern
dll,er
dll,origin
dll,paramet
dll,default
dll,peopl
dll,mind
dll,crash
dll,larg
dll,return
dll,cmd
dll,messag
dll,save
dll,altern
dll,privat
dll,wsdl
dll,ajax
dll,final
dll,solv
dll,silverlight
dll,host
dll,store
dll,invok
dll,produc
dll,php
dll,public
dll,request
dll,busi
dll,map
dll,linq
dll,secur
dll,answer
dll,time
dll,resolv
dll,step
dll,cach
dll,filesystem
dll,pointer
dll,mention
dll,softwar
dll,integr
dll,uri
dll,persist
dll,complet
dll,classpath
dll,lock
dll,wonder
dll,expect
dll,want
dll,clean
dll,maven
dll,browser
dll,record
dll,download
dll,annot
dll,second
dll,futur
dll,regex
dll,fix
dll,clr
dll,search
dll,appear
dll,core
dll,csv
dll,platform
dll,member
dll,arg
dll,ad
dll,mono
dll,profil
dll,filter
dll,fact
dll,inherit
dll,proc
dll,suppos
dll,tag
dll,remov
dll,cs
dll,scheme
dll,activ
dll,convert
dll,db
dll,level
dll,googl
dll,point
dll,forc
dll,connect
dll,handler
dll,haven
dll,side
dll,bit
dll,webservic
dll,perform
dll,layer
dll,list
dll,django
dll,great
dll,care
dll,send
dll,action
dll,deploi
dll,set
dll,respons
dll,advanc
dll,situat
dll,rest
dll,properli
dll,expos
dll,parti
dll,product
dll,mysql
dll,loop
dll,session
dll,sdk
dll,continu
dll,comment
dll,hibern
dll,complex
dll,confus
dll,multi
dll,loader
dll,pure
dll,nativ
dll,queri
dll,statement
dll,html
dll,user
dll,aspx
dll,url
dll,contract
dll,third
dll,dictionari
dll,make
dll,upload
dll,assign
dll,think
dll,driver
dll,post
dll,sign
dll,helper
dll,unabl
dll,comput
dll,foo
dll,admin
dll,take
dll,graphic
dll,widget
dll,artifact
dll,sy
dll,previou
dll,editor
dll,dir
dll,commun
dll,bean
dll,callback
dll,winapi
dll,close
dll,purpos
dll,po
dll,wpf
dll,imag
dll,true
dll,finish
dll,output
dll,brows
dll,dom
dll,serializ
dll,gpl
dll,talk
dll,event
dll,archiv
dll,flash
dll,address
dll,hard
dll,direct
dll,login
dll,ant
dll,order
dll,modif
dll,account
dll,block
dll,ideal
dll,decid
dll,invalid
dll,desktop
dll,inject
dll,exit
dll,string
dll,person
dll,javascript
dll,delet
dll,contain
dll,remot
dll,stream
dll,href
dll,explicitli
dll,webform
dll,associ
dll,port
dll,special
dll,offic
dll,mobil
dll,summari
dll,iter
dll,servlet
dll,doc
dll,socket
dll,explain
dll,displai
dll,safe
dll,field
dll,interest
dll,pre
dll,trace
dll,json
dll,startup
dll,global
dll,format
dll,cv
dll,wai
dll,advantag
dll,ptr
dll,impl
dll,bundl
dll,termin
dll,matter
dll,small
dll,rout
dll,achiev
dll,element
dll,convent
dll,winform
dll,real
dll,choos
dll,rubi
dll,rail
dll,def
dll,turn
dll,typeof
dll,factori
dll,param
dll,quartz
dll,foundat
dll,fals
dll,arrai
dll,view
dll,reload
dll,ui
dll,ip
dll,tutori
dll,valu
dll,flag
dll,rb
dll,bool
dll,print
dll,describ
dll,group
dll,marshal
dll,shouldn
dll,wait
dll,temp
dll,timeout
dll,pdf
dll,cm
dll,overrid
dll,warn
dll,occur
dll,experi
dll,authent
dll,gcc
dll,sound
dll,dont
dll,contact
dll,ask
dll,input
dll,replac
dll,int32
dll,cultur
dll,synchron
dll,enabl
dll,box
dll,timer
dll,tabl
dll,migrat
dll,kit
dll,compani
dll,result
dll,book
dll,faster
dll,behavior
dll,kei
dll,schema
dll,relev
dll,drupal
dll,proper
dll,deploy
dll,sort
dll,membership
dll,free
dll,articl
dll,switch
dll,protocol
dll,number
dll,obviou
dll,limit
dll,media
dll,exact
dll,partial
dll,cygwin
dll,trigger
dll,stage
dll,hook
dll,null
dll,asp
dll,bin
dll,routin
dll,mix
dll,duplic
dll,row
dll,feel
dll,hand
dll,makefil
dll,serial
dll,launch
dll,deal
dll,usr
dll,storag
dll,condit
dll,merg
dll,awar
dll,accept
dll,dialog
dll,render
dll,android
dll,familiar
dll,extra
dll,drive
dll,mode
dll,src
dll,listen
dll,boost
dll,compact
dll,dispos
dll,procedur
dll,zip
dll,vm
dll,categori
dll,var
dll,schedul
dll,extend
dll,reject
dll,piec
dll,equival
dll,cpp
dll,tf
dll,catch
dll,consist
dll,cast
dll,syntax
dll,convers
dll,space
dll,enumer
dll,receiv
dll,webpag
dll,iostream
dll,multithread
dll,thrown
dll,parent
dll,clojur
dll,deleg
dll,hold
dll,break
dll,instanti
dll,jboss
dll,pars
dll,mac
dll,deriv
dll,nofollow
dll,javax
dll,xsl
dll,retriev
dll,hello
dll,insert
dll,super
dll,move
dll,tree
dll,shell
dll,mfc
dll,redirect
dll,menu
dll,interact
dll,lisp
dll,dylib
dll,present
dll,appli
dll,devic
dll,destin
dll,encount
dll,tomcat
dll,realiz
dll,dispatch
dll,master
dll,encod
dll,big
dll,win32
dll,algorithm
dll,std
dll,goal
dll,advis
dll,complic
dll,ensur
dll,node
dll,canon
dll,click
dll,normal
dll,boolean
dll,mail
dll,empti
dll,x64
dll,conveni
dll,bad
dll,pack
dll,screen
dll,track
dll,abstract
dll,stl
dll,perl
dll,export
dll,appl
dll,msi
dll,extract
dll,branch
dll,creation
dll,referenc
dll,javadoc
dll,evalu
dll,notic
dll,mscorlib
dll,vector
dll,stack
dll,mark
dll,nice
dll,facebook
dll,proxi
dll,embed
dll,toolbox
dll,verifi
dll,latest
dll,technolog
dll,descript
dll,drop
dll,ejb
dll,effect
dll,lang
dll,job
dll,asynchron
dll,indic
dll,3rd
dll,consum
dll,sharepo
dll,gem
dll,administr
dll,follow
dll,buffer
dll,role
dll,surfac
dll,privileg
dll,metadata
dll,hash
dll,respond
dll,anonym
dll,individu
dll,tab
dll,caus
dll,size
dll,forum
dll,bash
dll,detect
dll,column
dll,parallel
dll,xib
dll,async
dll,sourceforg
dll,child
dll,byte
dll,snippet
dll,line
dll,vb6
dll,commit
dll,couldn
dll,tmp
dll,closur
dll,criteria
dll,charact
dll,hack
dll,restrict
dll,apach
dll,worker
dll,architectur
dll,author
dll,ignor
dll,forget
dll,bitmap
dll,item
dll,renam
dll,ident
dll,jqueri
dll,transact
dll,springframework
dll,text
dll,weblog
dll,llvm
dll,recv
dll,chart
dll,email
dll,three
dll,grid
dll,simplest
dll,pr
dll,beta
dll,proof
dll,live
dll,pa
dll,vba
dll,techniqu
dll,lambda
dll,abil
dll,organ
dll,cooki
dll,rel
dll,practic
dll,match
dll,dao
dll,word
dll,prevent
dll,cfg
dll,interpret
dll,monitor
dll,appreci
dll,netbean
dll,internet
dll,combin
dll,complain
dll,git
dll,serv
dll,dr
dll,wrote
dll,nest
dll,effici
dll,determin
dll,ld
dll,random
dll,batch
dll,attach
dll,todo
dll,wouldn
dll,asset
dll,classic
dll,luck
dll,involv
dll,cord
dll,physic
dll,optim
dll,sh
dll,ls
dll,offer
dll,relationship
dll,flow
dll,pom
dll,cpu
dll,init
dll,sp
dll,parser
dll,org
dll,notifi
dll,earlier
dll,sync
dll,compar
dll,navig
dll,submit
dll,interop
dll,iphon
dll,struct
dll,newer
dll,usernam
dll,layout
dll,success
dll,deprec
dll,signal
dll,button
dll,undefin
dll,armv7
dll,jsp
dll,identifi
dll,exclus
dll,filenam
dll,happi
dll,treat
dll,hidden
dll,delphi
dll,older
dll,fill
dll,cascad
dll,push
dll,concern
dll,frame
dll,regular
dll,tricki
dll,weather
dll,show
dll,anim
dll,preprocessor
dll,v4
dll,adapt
dll,jdk
dll,engin
dll,constructor
dll,observ
dll,fc
dll,sz
dll,moment
dll,wrap
dll,feedback
dll,stai
dll,dim
dll,intend
dll,jvm
dll,sf
dll,phase
dll,cf
dll,troubl
dll,int
dll,bookmark
dll,inlin
dll,fast
dll,bid
dll,team
dll,mock
dll,tier
dll,upgrad
dll,lazi
dll,typedef
dll,foreach
dll,sleep
dll,teacher
dll,chat
dll,count
dll,certif
dll,fb
dll,wp7
dll,recurs
dll,earli
dll,explor
dll,rule
dll,ns
dll,cgi
dll,mistak
dll,translat
dll,temporari
dll,signatur
dll,selector
dll,video
dll,css
dll,frequent
dll,password
dll,cursor
dll,token
dll,enterpris
dll,qt
dll,zend
dll,distribut
dll,standalon
dll,reader
dll,checkout
dll,clear
dll,xp
dll,repres
dll,builder
dll,graph
dll,sun
dll,obj
dll,fetch
dll,deni
dll,contribut
dll,obfusc
dll,opengl
dll,jre
dll,game
dll,workaround
dll,concurr
dll,clue
dll,diagnost
dll,ftp
dll,append
dll,autom
dll,area
dll,acceler
dll,abort
dll,face
dll,do
dll,arbitrari
dll,coupl
dll,hang
dll,guarante
dll,demand
dll,pipe
dll,rang
dll,exercis
dll,failur
dll,cross
dll,choic
dll,minim
dll,equal
dll,queue
dll,trunk
dll,part
dll,stylesheet
dll,subclass
dll,processor
dll,swing
dll,cakephp
dll,openssl
dll,draw
dll,slower
dll,singleton
dll,advic
dll,compat
dll,bug
dll,trick
dll,char
dll,jsf
dll,opt
dll,blog
dll,win
dll,mvvm
dll,intel
dll,cli
dll,system32
dll,snapshot
dll,winfx
dll,uniqu
dll,publish
dll,kernel
dll,onload
dll,label
dll,http
dll,trivial
dll,lookup
dll,usag
dll,ssl
dll,audio
dll,select
dll,typic
dll,clarifi
dll,armv6
dll,major
dll,photo
dll,ap
dll,ado
dll,localhost
dll,maintain
dll,huge
dll,bat
dll,calcul
dll,speed
dll,confirm
dll,patch
dll,alter
dll,manipul
dll,orient
dll,feed
dll,gwt
dll,workspac
dll,stub
dll,high
dll,modal
dll,writer
dll,alert
dll,statu
dll,simpler
dll,manifest
dll,bunch
dll,ifram
dll,pref
dll,scratch
dll,regexp
dll,xsd
dll,endif
dll,sharp
dll,intent
dll,println
dll,demo
dll,xyz
dll,st
dll,scala
dll,razor
dll,concept
dll,bring
dll,enter
dll,subprocess
dll,bar
dll,harder
dll,plai
dll,refactor
dll,twitter
dll,mechan
dll,guid
dll,poco
dll,fixtur
dll,onclick
dll,prototyp
dll,reli
dll,emul
dll,seper
dll,unix
dll,trust
dll,de
dll,stabl
dll,reset
dll,stuck
dll,segment
dll,dev
dll,echo
dll,plan
dll,keyword
dll,icon
dll,worri
dll,txt
dll,wx
dll,music
dll,slow
dll,eleg
dll,fire
dll,garbag
dll,taxi
dll,openjdk
dll,background
dll,popup
dll,chanc
dll,readi
dll,absolut
dll,spec
dll,catalog
dll,doctrin
dll,datat
dll,endpo
dll,oracl
dll,alloc
dll,friend
dll,restart
dll,vim
dll,utf
dll,focu
dll,encrypt
dll,pool
dll,quot
dll,front
dll,lost
dll,func
dll,factor
dll,presum
dll,overwrit
dll,dojo
dll,overload
dll,transform
dll,ascx
dll,lg
dll,di
dll,integ
dll,debugg
dll,odd
dll,pick
dll,pagin
dll,ship
dll,end
dll,offlin
dll,dict
dll,power
dll,agre
dll,str
dll,msg
dll,awt
dll,short
dll,hudson
dll,mime
dll,dai
dll,acl
dll,minor
dll,ruct
dll,counter
dll,cloud
dll,smart
dll,posit
dll,kill
dll,player
dll,textbox
dll,style
dll,ini
dll,0x
dll,xcode
dll,mine
dll,rewrit
dll,perfectli
dll,gdi
dll,programmat
dll,press
dll,isol
dll,subvers
dll,disk
dll,typenam
dll,panel
dll,unmanag
dll,primit
dll,hopefulli
dll,rais
dll,postback
dll,stdout
dll,webserv
dll,case
dll,swf
dll,room
dll,desir
dll,revis
dll,interv
dll,dump
dll,en
dll,metric
dll,jni
dll,improv
dll,amount
dll,fatal
dll,br
dll,region
dll,conn
dll,curl
dll,val
dll,calendar
dll,pc
dll,onlin
dll,poll
dll,gridview
dll,fulli
dll,captur
dll,sq
dll,checkbox
dll,nil
dll,split
dll,behav
dll,mutex
dll,cc
dll,perfect
dll,programat
dll,prompt
dll,head
dll,raw
dll,doesnt
dll,ssh
dll,wiki
dll,urllib2
dll,flex
dll,tcp
dll,img
dll,accessor
dll,popul
dll,deseri
dll,bigger
dll,transfer
dll,clone
dll,stackoverflow
dll,firebug
dll,abc
dll,sequenti
dll,webapp
dll,balanc
dll,disabl
dll,orm
dll,payment
dll,ds
dll,attr
dll,fall
dll,rss
dll,plist
dll,violat
dll,sheet
dll,length
dll,correspond
dll,prop
dll,nib
dll,buf
dll,reg
dll,leav
dll,topic
dll,dataset
dll,exif
dll,soap
dll,refresh
dll,nullabl
dll,unknown
dll,war
dll,manner
dll,top
dll,tful
dll,flush
dll,durat
dll,easiest
dll,logger
dll,instrument
dll,coordin
dll,repo
dll,junit
dll,simplifi
dll,thumbnail
dll,sender
dll,sm
dll,ext
dll,enum
dll,posix
dll,reach
dll,titl
dll,stop
dll,lifecycl
dll,train
dll,holder
dll,cell
dll,children
dll,registri
dll,pictur
dll,toolkit
dll,rubygem
dll,prog
dll,citi
dll,measur
dll,pair
dll,ef
dll,endpoint
dll,hour
dll,cocoa
dll,maze
dll,foreign
dll,calc
dll,prefix
dll,repeat
dll,pixel
dll,re
dll,index
dll,argv
dll,codeignit
dll,mercuri
dll,cake
dll,jsfiddl
dll,retain
dll,arr
dll,knowledg
dll,form1
dll,constant
dll,underli
dll,asm
dll,ï¿½â‚¬ï¿½?
dll,keyboard
dll,raint
dll,firefox
dll,increment
dll,auto
dll,webview
dll,method1
dll,xxx
dll,vaadin
dll,cap
dll,crypto
dll,programm
dll,env
dll,represent
dll,shortcut
dll,capabl
dll,est
dll,exclud
dll,uninstal
dll,macro
dll,know
dll,gb
dll,past
dll,bodi
dll,modern
dll,textur
dll,static
dll,robust
dll,slider
dll,die
dll,ws
dll,blank
dll,ioc
dll,btn
dll,png
dll,look
dll,hide
dll,essenti
dll,buff
dll,come
dll,replic
dll,eval
dll,ubuntu
dll,caught
dll,div
dll,comparison
dll,inf
dll,traffic
dll,bmp
dll,smarti
dll,wsgi
dll,inner
dll,section
dll,nick
dll,dbo
dll,sum
dll,leak
dll,rad
dll,wast
dll,substr
dll,lucen
dll,beauti
dll,expir
dll,meta
dll,notif
dll,rpc
dll,progress
dll,date
dll,market
dll,recreat
dll,offset
dll,decor
dll,strategi
dll,mob
dll,vec
dll,subsequ
dll,el
dll,quick
dll,channel
dll,runner
dll,strang
dll,fluent
dll,employe
dll,prior
dll,goto
dll,bound
dll,stick
dll,printf
dll,color
dll,david
dll,recogn
dll,toast
dll,rev
dll,tinymc
dll,fairli
dll,sudo
dll,tm
dll,wnd
dll,total
dll,err
dll,max
dll,accommod
dll,linear
dll,matlab
dll,codeplex
dll,hit
dll,dirti
dll,encapsul
dll,htaccess
dll,hardwar
dll,put
dll,ban
dll,minut
dll,ahead
dll,xmln
dll,mask
dll,cb
dll,dedic
dll,suitabl
dll,fit
dll,explicit
dll,alarm
dll,licens
dll,long
dll,fish
dll,movi
dll,fs
dll,propag
dll,legaci
dll,haskel
dll,shape
dll,unexpect
dll,join
dll,guidelin
dll,nt
dll,jpa
dll,timestamp
dll,stdin
dll,everytim
dll,year
dll,illeg
dll,span
dll,mean
dll,unicod
dll,mv
dll,treeview
dll,todai
dll,scrape
dll,social
dll,paint
dll,introduc
dll,soft
dll,lead
dll,lcd
dll,difficult
dll,concret
dll,lower
dll,log4j
dll,cleaner
dll,apk
dll,v2
dll,implicit
dll,destroi
dll,cat
dll,setter
dll,implicitli
dll,ing
dll,avail
dll,vi
dll,soup
dll,combo
dll,grab
dll,relat
dll,jdbc
dll,theme
dll,mess
dll,sw
dll,logo
dll,secret
dll,scroll
dll,num
dll,compliant
dll,lite
dll,sandbox
dll,trim
dll,indent
dll,sax
dll,mongo
dll,emp
dll,overlai
dll,lifetim
dll,inflat
dll,cd
dll,air
dll,mous
dll,math
dll,amd64
dll,portabl
dll,ipc
dll,jump
dll,basi
dll,benchmark
dll,visibl
dll,drawabl
dll,executor
dll,col
dll,bs
dll,dsl
dll,radio
dll,endl
dll,seri
dll,scale
dll,subject
dll,height
dll,msdn
dll,princip
dll,sequenc
dll,grail
dll,em
dll,html5
dll,suspect
dll,hasn
dll,chrome
dll,magic
dll,mpi
dll,hierarchi
dll,subdomain
dll,autocomplet
dll,smtp
dll,occup
dll,viewer
dll,htm
dll,rect
dll,skip
dll,contrib
dll,remain
dll,polici
dll,devis
dll,variant
dll,xslt
dll,predic
dll,minimum
dll,anchor
dll,classroom
dll,emb
dll,conf
dll,satisfi
dll,investig
dll,edg
dll,malloc
dll,pthread
dll,touch
dll,dealloc
dll,fraction
dll,immut
dll,circl
dll,gc
dll,overhead
dll,agent
dll,attack
dll,dt
dll,magento
dll,il
dll,partner
dll,exec
dll,loc
dll,ti
dll,svc
dll,hdc
dll,inet
dll,incorrect
dll,meet
dll,purchas
dll,btw
dll,wordpress
dll,worth
dll,hiya
dll,lib64
dll,getter
dll,pull
dll,delai
dll,cleanup
dll,decod
dll,cant
dll,unsign
dll,foreground
dll,zone
dll,hwnd
dll,solr
dll,nhibern
dll,school
dll,groovi
dll,oauth
dll,keep
dll,objc
dll,ï¿½â‚¬ï¿½
dll,mod
dll,race
dll,usb
dll,beginn
dll,score
dll,broken
dll,opencv
dll,passeng
dll,jpg
dll,gif
dll,queryabl
dll,bridg
dll,dot
dll,dimens
dll,mouseov
dll,screenshot
dll,chunk
dll,doctyp
dll,mef
dll,resiz
dll,webkit
dll,illustr
dll,low
dll,larger
dll,ps
dll,pai
dll,wm
dll,clock
dll,peer
dll,newli
dll,fly
dll,watcher
dll,primari
dll,weird
dll,suit
dll,hous
dll,amazon
dll,respect
dll,claus
dll,cout
dll,reduc
dll,owner
dll,pane
dll,interrupt
dll,card
dll,nsurl
dll,analyz
dll,chain
dll,font
dll,board
dll,rvm
dll,simul
dll,bb
dll,sprite
dll,disappear
dll,behaviour
dll,viewport
dll,packet
dll,boot
dll,descriptor
dll,datetim
dll,method2
dll,dl
dll,ra
dll,pop
dll,countri
dll,w3c
dll,qualiti
dll,term
dll,new
dll,markup
dll,arriv
dll,suppli
dll,hex
dll,runat
dll,scan
dll,dist
dll,expand
dll,reproduc
dll,ctx
dll,restor
dll,reus
dll,listbox
dll,rgb
dll,conceptu
dll,df
dll,jaxb
dll,reliabl
dll,precis
dll,actionscript
dll,rw
dll,trai
dll,polymorph
dll,plenti
dll,prev
dll,repli
dll,cl
dll,assert
dll,ctrl
dll,subview
dll,seek
dll,assumpt
dll,decim
dll,explan
dll,affect
dll,tsql
dll,slash
dll,compress
dll,pad
dll,neutral
dll,spinner
dll,exiv2
dll,mp3
dll,review
dll,cover
dll,jpeg
dll,conflict
dll,openid
dll,popular
dll,dword
dll,jetti
dll,outlook
dll,button1
dll,codec
dll,gt
dll,accomplish
dll,fresh
dll,irb
dll,storyboard
dll,hint
dll,javae
dll,vote
dll,man
dll,min
dll,light
dll,sd
dll,textarea
dll,aggreg
dll,paragraph
dll,catalina
dll,redund
dll,wasn
dll,gap
dll,vari
dll,view1
dll,stdio
dll,portal
dll,cg
dll,lo
dll,student
dll,synonym
dll,width
dll,canva
dll,ultim
dll,independ
dll,li
dll,paus
dll,blob
dll,alpha
dll,hover
dll,sid
dll,lowest
dll,legend
dll,flavor
dll,caller
dll,watch
dll,op
dll,caption
dll,unlock
dll,boss
dll,erlang
dll,credenti
dll,selenium
dll,daemon
dll,analyt
dll,digest
dll,registr
dll,plain
dll,test1
dll,sale
dll,readabl
dll,destructor
dll,sit
dll,ï¿½â‚¬â„¢
dll,pain
dll,j2me
dll,digit
dll,youtub
dll,cur
dll,safari
dll,left
dll,glassfish
dll,ugli
dll,ag
dll,backup
dll,zoom
dll,workflow
dll,mutabl
dll,price
dll,toggl
dll,page
dll,suspend
dll,bluetooth
dll,slide
dll,deep
dll,stock
dll,drag
dll,sensor
dll,notepad
dll,slice
dll,skin
dll,shutdown
dll,wizard
dll,prolog
dll,galleri
dll,mailer
dll,geocod
dll,center
dll,grant
dll,prioriti
dll,occurr
dll,letter
dll,resum
dll,sizeof
dll,getdat
dll,invoc
dll,walk
dll,recycl
dll,con
dll,autoreleas
dll,toolbar
dll,28v
dll,runnabl
dll,highli
dll,cluster
dll,pm
dll,rid
dll,highest
dll,ol
dll,month
dll,rec
dll,len
dll,forward
dll,subtract
dll,dc
dll,t1
dll,gl
dll,binder
dll,expens
dll,elaps
dll,plot
dll,portion
dll,invoic
dll,ce
dll,nc
dll,numer
dll,rs
dll,shift
dll,studi
dll,depth
dll,spreadsheet
dll,iso
dll,cancel
dll,hyperlink
dll,cycl
dll,yahoo
dll,tooltip
dll,preview
dll,heap
dll,sha
dll,qualifi
dll,coord
dll,formatt
dll,dw
dll,unload
dll,comma
dll,unhandl
dll,pojo
dll,colour
dll,fashion
dll,technic
dll,ipad
dll,fn
dll,aa
dll,overlap
dll,suffici
dll,escap
dll,legal
dll,superclass
dll,smaller
dll,aspect
dll,mojo
dll,pl
dll,lose
dll,ly
dll,tick
dll,fastcgi
dll,ï¿½ï¿½
dll,cdata
dll,diagram
dll,driven
dll,vista
dll,scalabl
dll,doubt
dll,postgresql
dll,argc
dll,lp
dll,rich
dll,demonstr
dll,gnu
dll,lst
dll,za
dll,averag
dll,eq
dll,rdf
dll,cut
dll,margin
dll,stori
dll,xmlhttp
dll,street
dll,bla
dll,si
dll,incorrectli
dll,ï¿½â‚¬â€œ
dll,rank
dll,spot
dll,collector
dll,isset
dll,star
dll,hundr
dll,discuss
dll,corrupt
dll,univers
dll,bg
dll,mb
dll,ci
dll,weak
dll,car
dll,arraylist
dll,closest
dll,wors
dll,squar
dll,landscap
dll,stat
dll,dest
dll,stderr
dll,depart
dll,s3
dll,checksum
dll,fun
dll,histori
dll,fault
dll,rotat
dll,strict
dll,fragment
dll,forgot
dll,diff
dll,multipli
dll,conform
dll,clipboard
dll,mortbai
dll,gi
dll,osx
dll,banner
dll,t2
dll,mx
dll,align
dll,subscrib
dll,milli
dll,preg
dll,elem
dll,status
dll,stroke
dll,volatil
dll,fade
dll,presenc
dll,sortabl
dll,nav
dll,baz
dll,hg
dll,xs
dll,fi
dll,aspnet
dll,swap
dll,autoload
dll,period
dll,principl
dll,aaa
dll,dropdown
dll,prepar
dll,md
dll,apart
dll,scalar
dll,constraint
dll,ostream
dll,approv
dll,ib
dll,resid
dll,exchang
dll,critic
dll,productid
dll,struggl
dll,tbl
dll,picker
dll,weight
dll,round
dll,palett
dll,box1
dll,wide
dll,benefit
dll,bill
dll,mapper
dll,transpar
dll,uk
dll,vt
dll,facelet
dll,mainten
dll,eventu
dll,week
dll,3d
dll,imagin
dll,grammar
dll,eoi
dll,sqlite3
dll,dialect
dll,connector
dll,table2
dll,maximum
dll,activex
dll,recipi
dll,gp
dll,faq
dll,vst
dll,grai
dll,file1
dll,2nd
dll,orang
dll,tupl
dll,right
dll,aw
dll,rate
dll,applet
dll,activerecord
dll,req
dll,messeng
dll,symfoni
dll,amp
dll,alia
dll,workbook
dll,sticker
dll,offici
dll,blur
dll,readonli
dll,viewmodel
dll,listview
dll,slug
dll,crop
dll,heroku
dll,aop
dll,told
dll,gradient
dll,pd
dll,theori
dll,claim
dll,propos
dll,thumb
dll,dsp
dll,wp
dll,highlight
dll,possibl
dll,marker
dll,cart
dll,idl
dll,divid
dll,descend
dll,biggest
dll,micro
dll,journei
dll,slot
dll,composit
dll,matrix
dll,salt
dll,life
dll,heard
dll,es
dll,radiu
dll,pseudo
dll,human
dll,sa
dll,subscript
dll,facet
dll,launcher
dll,van
dll,pump
dll,desc
dll,pt
dll,innodb
dll,gather
dll,flexibl
dll,seq
dll,c3
dll,visit
dll,valv
dll,gain
dll,monei
dll,footer
dll,placement
dll,cnt
dll,famili
dll,central
dll,appengin
dll,camera
dll,imposs
dll,incom
dll,movement
dll,superview
dll,arg1
dll,erb
dll,deliveri
dll,lbl
dll,uml
dll,middl
dll,joe
dll,alias
dll,elimin
dll,tune
dll,jan
dll,sdl
dll,aliv
dll,cron
dll,shorter
dll,tail
dll,oop
dll,rank1
dll,roll
dll,avd
dll,till
dll,timezon
dll,emerg
dll,ab
dll,rubyonrail
dll,wildcard
dll,jsbin
dll,blah
dll,ul
dll,bi
dll,insight
dll,establish
dll,impli
dll,favorit
dll,dead
dll,v1
dll,multipart
dll,ddl
dll,pod
dll,bottom
dll,mysit
dll,ma
dll,xl
dll,axi
dll,sever
dll,pi
dll,dd
dll,addr
dll,truncat
dll,dtd
dll,dbm
dll,nosql
dll,uncheck
dll,eax
dll,xampp
dll,greatli
dll,file0
dll,swipe
dll,ton
dll,bui
dll,unmarshal
dll,overview
dll,mongodb
dll,trait
dll,stand
dll,datatyp
dll,horizont
dll,bank
dll,estim
dll,fiddl
dll,jqueryui
dll,materi
dll,ax
dll,mydomain
dll,intersect
dll,rmr
dll,sell
dll,f1
dll,pcap
dll,varchar
dll,yield
dll,gae
dll,overflow
dll,pk
dll,ef4
dll,corner
dll,opera
dll,playlist
dll,spent
dll,straight
dll,fake
dll,detach
dll,volum
dll,rc
dll,usual
dll,prove
dll,ie8
dll,xerc
dll,ansi
dll,delimit
dll,increas
dll,tile
dll,verbos
dll,bold
dll,c1
dll,3a
dll,firstnam
dll,td
dll,nvarchar
dll,ram
dll,castl
dll,trip
dll,manufactur
dll,tween
dll,pragma
dll,charset
dll,arithmet
dll,shadow
dll,grow
dll,a2
dll,rake
dll,cost
dll,pie
dll,border
dll,transit
dll,introduct
dll,oo
dll,float
dll,dg
dll,ln
dll,clearli
dll,fork
dll,green
dll,risk
dll,datasourc
dll,rank0
dll,breakpo
dll,fp
dll,intens
dll,alt
dll,textfield
dll,svg
dll,tweet
dll,bootstrap
dll,act
dll,coyot
dll,lt
dll,sock
dll,ur
dll,invari
dll,perspect
dll,addon
dll,rh
dll,meant
dll,resolut
dll,av
dll,scrollbar
dll,atom
dll,revert
dll,cp
dll,drawn
dll,vehicl
dll,heavi
dll,outer
dll,ns2
dll,form2
dll,understood
dll,curiou
dll,kb
dll,back
dll,sc
dll,sensit
dll,test2
dll,health
dll,inform
dll,potenti
dll,black
dll,pend
dll,curr
dll,bother
dll,ticket
dll,dismiss
dll,pdo
dll,vimrc
dll,opinion
dll,semant
dll,rsa
dll,wont
dll,envelop
dll,infinit
dll,bu
dll,millisecond
dll,fruit
dll,intercept
dll,ancestor
dll,analysi
dll,hostnam
dll,realloc
dll,placehold
dll,tweak
dll,distinguish
dll,c2
dll,quantiti
dll,distinct
dll,userid
dll,tr
dll,experienc
dll,revers
dll,pipelin
dll,gmail
dll,dog
dll,djangoproject
dll,reusabl
dll,gs
dll,mov
dll,scene
dll,mesh
dll,dvd
dll,explod
dll,bare
dll,gestur
dll,greater
dll,collis
dll,rand
dll,mozilla
dll,consider
dll,concaten
dll,javas
dll,var1
dll,cool
dll,clickabl
dll,xpath
dll,blend
dll,odbc
dll,fanci
dll,blogspot
dll,scanner
dll,v3
dll,fd
dll,swt
dll,zero
dll,ago
dll,in
dll,gist
dll,portrait
dll,newlin
dll,subqueri
dll,concat
dll,geo
dll,nr
dll,leaf
dll,spend
dll,clip
dll,hr
dll,nasa
dll,rectangl
dll,higher
dll,equat
dll,effort
dll,decrypt
dll,brush
dll,unbind
dll,innerhtml
dll,seo
dll,sencha
dll,evt
dll,tt
dll,creator
dll,router
dll,z0
dll,radar
dll,expert
dll,arrow
dll,vendor
dll,table1
dll,invest
dll,surpris
dll,ee
dll,r2
dll,al
dll,myusernam
dll,sel
dll,strtotim
dll,straightforward
dll,ch
dll,ie6
dll,ic
dll,sqlite
dll,ascii
dll,randomli
dll,reserv
dll,ie7
dll,sibl
dll,telerik
dll,white
dll,getjson
dll,github
dll,mid
dll,ball
dll,john
dll,eas
dll,strip
dll,comm
dll,geometri
dll,pin
dll,nsxml
dll,md5
dll,distanc
dll,smooth
dll,stupid
dll,wav
dll,h2
dll,grep
dll,permut
dll,doubl
dll,sed
dll,speak
dll,keypress
dll,gtk
dll,capac
dll,style4
dll,nginx
dll,partit
dll,gen
dll,gmt
dll,tid
dll,awk
dll,equiv
dll,lastnam
dll,curlopt
dll,datepick
dll,flat
dll,httpd
dll,tip
dll,countdown
dll,red
dll,foobar
dll,setopt
dll,natur
dll,trade
dll,chosen
dll,suppress
dll,mic
dll,wall
dll,cal
dll,shot
dll,textio
dll,extrem
dll,ping
dll,w3school
dll,mysqli
dll,adjust
dll,cheer
dll,motion
dll,art
dll,prime
dll,apache2
dll,tx
dll,blackberri
dll,ret
dll,decis
dll,awesom
dll,tb
dll,jq
dll,friendli
dll,mk
dll,nbsp
dll,lat
dll,flip
dll,pro
dll,wheel
dll,uid
dll,tue
dll,0m
dll,name1
dll,shine
dll,medium
dll,homework
dll,esb
dll,subset
dll,notat
dll,inact
dll,liter
dll,se
dll,t4
dll,dn
dll,ibm
dll,expr
dll,28java
dll,dec
dll,extent
dll,discov
dll,p2
dll,sha1
dll,pastebin
dll,half
dll,thick
dll,english
dll,mem
dll,cxf
dll,pg
dll,ns1
dll,mce
dll,toplay
dll,b2
dll,homepag
dll,tran
dll,bandwidth
dll,strong
dll,sb
dll,frm
dll,utc
dll,employ
dll,yellow
dll,da
dll,preserv
dll,visitor
dll,gzip
dll,xx
dll,specifi
dll,vertic
dll,xhtml
dll,blue
dll,audit
dll,loss
dll,h1
dll,utf8
dll,nokia
dll,combobox
dll,spatial
dll,pivot
dll,draggabl
dll,w3
dll,opac
dll,item1
dll,xsi
dll,lv
dll,valign
dll,impact
dll,textview
dll,comp
dll,avg
dll,field1
dll,synthes
dll,brace
dll,wikipedia
dll,stretch
dll,lab
dll,quit
dll,logout
dll,list1
dll,emac
dll,tv
dll,love
dll,udp
dll,cn
dll,hei
dll,paper
dll,a1
dll,idx
dll,latitud
dll,1st
dll,2d
dll,redi
dll,daili
dll,d2
dll,fk
dll,nl
dll,brand
dll,decent
dll,tradit
dll,bob
dll,neg
dll,loos
dll,compos
dll,silli
dll,ten
dll,cond
dll,hot
dll,percent
dll,codehau
dll,cmp
dll,shop
dll,adob
dll,resp
dll,handi
dll,datagrid
dll,jsonp
dll,curv
dll,refman
dll,opaqu
dll,base64
dll,reachabl
dll,bracket
dll,s1
dll,urlencod
dll,tap
dll,iv
dll,shuffl
dll,south
dll,sec
dll,h3
dll,submiss
dll,upper
dll,enforc
dll,gv
dll,matcher
dll,hh
dll,focus
dll,arg2
dll,gender
dll,pow
dll,0f
dll,see
dll,e1
dll,http11
dll,statist
dll,inspect
dll,commerci
dll,rn
dll,codeproject
dll,adb
dll,d1
dll,divis
dll,mp
dll,detector
dll,percentag
dll,mc
dll,strlen
dll,candid
dll,yyyi
dll,formula
dll,cert
dll,sentenc
dll,boundari
dll,delta
dll,asihttp
dll,14px
dll,col1
dll,exp
dll,p1
dll,howto
dll,collaps
dll,transport
dll,asc
dll,imgur
dll,worksheet
dll,lng
dll,pub
dll,union
dll,2f
dll,vat
dll,joomla
dll,scm
dll,challeng
dll,markdown
dll,ac
dll,favicon
dll,ep
dll,s2
dll,north
dll,ar
dll,hobbi
dll,verif
dll,t3
dll,dp
dll,var2
dll,leopard
dll,field2
dll,tom
dll,ffffff
dll,mon
dll,credit
dll,insensit
dll,cipher
dll,mm
