xcode,iphon
xcode,sdk
xcode,cocoa
xcode,io
xcode,ipad
xcode,osx
xcode,mac
xcode,simul
xcode,touch
xcode,leopard
xcode,platform
xcode,os
xcode,compil
xcode,develop
xcode,appl
xcode,build
xcode,studio
xcode,conceptu
xcode,phone
xcode,version
xcode,linux
xcode,librari
xcode,app
xcode,gcc
xcode,instal
xcode,mobil
xcode,machin
xcode,fine
xcode,vs2010
xcode,debug
xcode,upgrad
xcode,pad
xcode,pro
xcode,crash
xcode,devic
xcode,applic
xcode,window
xcode,ant
xcode,target
xcode,project
xcode,refer
xcode,program
xcode,run
xcode,eclips
xcode,ex
xcode,safari
xcode,visual
xcode,download
xcode,open
xcode,packag
xcode,standalon
xcode,directori
xcode,autom
xcode,tf
xcode,x86
xcode,extern
xcode,framework
xcode,includ
xcode,choos
xcode,support
xcode,sampl
xcode,test
xcode,help
xcode,releas
xcode,featur
xcode,environ
xcode,contribut
xcode,file
xcode,dev
xcode,websit
xcode,uninstal
xcode,todo
xcode,android
xcode,beta
xcode,kit
xcode,tool
xcode,sd
xcode,avd
xcode,facebook
xcode,folder
xcode,python
xcode,distribut
xcode,built
xcode,vc
xcode,share
xcode,ve
xcode,switch
xcode,creat
xcode,llvm
xcode,emul
xcode,depend
xcode,deploi
xcode,cpp
xcode,core
xcode,document
xcode,usr
xcode,purpos
xcode,resid
xcode,automat
xcode,latest
xcode,desktop
xcode,dir
xcode,object
xcode,specif
xcode,code
xcode,work
xcode,think
xcode,manag
xcode,makefil
xcode,issu
xcode,separ
xcode,easier
xcode,interfac
xcode,report
xcode,configur
xcode,gnu
xcode,local
xcode,web
xcode,programmat
xcode,sourc
xcode,find
xcode,ii
xcode,id
xcode,clean
xcode,offici
xcode,lot
xcode,command
xcode,mono
xcode,fail
xcode,patch
xcode,assembl
xcode,recommend
xcode,root
xcode,maintain
xcode,control
xcode,bug
xcode,well
xcode,output
xcode,dynam
xcode,softwar
xcode,permiss
xcode,exist
xcode,setup
xcode,wall
xcode,detect
xcode,foreground
xcode,vim
xcode,icon
xcode,launch
xcode,basic
xcode,wp7
xcode,idea
xcode,log
xcode,doesn
xcode,great
xcode,caus
xcode,explor
xcode,html
xcode,usabl
xcode,qt
xcode,complet
xcode,guid
xcode,namespac
xcode,jar
xcode,view
xcode,error
xcode,problem
xcode,complex
xcode,option
xcode,flash
xcode,sm
xcode,orang
xcode,href
xcode,unit
xcode,full
xcode,link
xcode,migrat
xcode,delphi
xcode,behav
xcode,java
xcode,profil
xcode,common
xcode,don
xcode,track
xcode,load
xcode,allow
xcode,javascript
xcode,happen
xcode,will
xcode,produc
xcode,server
xcode,manual
xcode,figur
xcode,best
xcode,system
xcode,miss
xcode,question
xcode,market
xcode,copi
xcode,hold
xcode,client
xcode,site
xcode,resourc
xcode,access
xcode,side
xcode,check
xcode,linker
xcode,agre
xcode,django
xcode,macro
xcode,chang
xcode,push
xcode,special
xcode,haven
xcode,simpl
xcode,mfc
xcode,solv
xcode,subvers
xcode,start
xcode,ll
xcode,video
xcode,browser
xcode,process
xcode,guess
xcode,store
xcode,consol
xcode,bit
xcode,modifi
xcode,current
xcode,abil
xcode,scala
xcode,custom
xcode,reason
xcode,json
xcode,flag
xcode,solut
xcode,write
xcode,xaml
xcode,updat
xcode,standard
xcode,port
xcode,modul
xcode,newer
xcode,good
xcode,correct
xcode,rubi
xcode,opengl
xcode,stage
xcode,path
xcode,structur
xcode,edit
xcode,move
xcode,univers
xcode,servic
xcode,memori
xcode,requir
xcode,plist
xcode,plugin
xcode,ui
xcode,notif
xcode,unabl
xcode,twitter
xcode,difficult
xcode,won
xcode,theme
xcode,easi
xcode,go
xcode,experienc
xcode,internet
xcode,call
xcode,svn
xcode,trunk
xcode,exact
xcode,hang
xcode,know
xcode,scratch
xcode,script
xcode,languag
xcode,detail
xcode,air
xcode,real
xcode,technolog
xcode,legaci
xcode,undefin
xcode,virtual
xcode,heavi
xcode,provid
xcode,nofollow
xcode,extract
xcode,renam
xcode,appropri
xcode,defin
xcode,org
xcode,cross
xcode,deploy
xcode,consist
xcode,menu
xcode,util
xcode,ns
xcode,empti
xcode,small
xcode,involv
xcode,closur
xcode,interact
xcode,execut
xcode,train
xcode,wrong
xcode,breakpo
xcode,singl
xcode,kind
xcode,nice
xcode,serializ
xcode,gui
xcode,set
xcode,prompt
xcode,fix
xcode,insid
xcode,thrown
xcode,idl
xcode,foundat
xcode,silverlight
xcode,want
xcode,pom
xcode,navig
xcode,databas
xcode,ad
xcode,directli
xcode,multipl
xcode,network
xcode,plan
xcode,tell
xcode,delet
xcode,main
xcode,webapp
xcode,protect
xcode,dll
xcode,older
xcode,startup
xcode,reject
xcode,connect
xcode,ol
xcode,design
xcode,experi
xcode,catch
xcode,rel
xcode,come
xcode,instruct
xcode,archiv
xcode,exampl
xcode,previou
xcode,restart
xcode,mode
xcode,php
xcode,appear
xcode,gener
xcode,orient
xcode,warn
xcode,assum
xcode,busi
xcode,parti
xcode,http
xcode,step
xcode,keep
xcode,save
xcode,config
xcode,introduct
xcode,maven
xcode,presum
xcode,chrome
xcode,time
xcode,sudo
xcode,outlook
xcode,base
xcode,upload
xcode,learn
xcode,js
xcode,earli
xcode,net
xcode,pc
xcode,stl
xcode,address
xcode,sound
xcode,thing
xcode,class
xcode,fresh
xcode,ideal
xcode,encount
xcode,tab
xcode,displai
xcode,entir
xcode,place
xcode,debugg
xcode,metric
xcode,integr
xcode,new
xcode,lib
xcode,binari
xcode,investig
xcode,ms
xcode,login
xcode,larg
xcode,firefox
xcode,divid
xcode,third
xcode,adb
xcode,bunch
xcode,mind
xcode,dont
xcode,game
xcode,simpli
xcode,appli
xcode,better
xcode,note
xcode,newli
xcode,fly
xcode,host
xcode,photo
xcode,magic
xcode,extens
xcode,suggest
xcode,microsoft
xcode,consid
xcode,jdk
xcode,tune
xcode,mention
xcode,throw
xcode,apk
xcode,approach
xcode,choic
xcode,git
xcode,cygwin
xcode,hope
xcode,close
xcode,read
xcode,rail
xcode,event
xcode,turn
xcode,builder
xcode,blank
xcode,weather
xcode,msi
xcode,product
xcode,isn
xcode,nokia
xcode,fact
xcode,except
xcode,admin
xcode,impli
xcode,messag
xcode,default
xcode,definit
xcode,cours
xcode,googl
xcode,drupal
xcode,pretti
xcode,ld
xcode,practic
xcode,forc
xcode,present
xcode,rotat
xcode,explicitli
xcode,user
xcode,illustr
xcode,data
xcode,instanti
xcode,logic
xcode,second
xcode,earlier
xcode,mvc
xcode,repositori
xcode,shell
xcode,runtim
xcode,tutori
xcode,bar
xcode,easili
xcode,properti
xcode,nativ
xcode,api
xcode,locat
xcode,trace
xcode,prefer
xcode,profession
xcode,perform
xcode,wrote
xcode,info
xcode,ship
xcode,doc
xcode,model
xcode,realiz
xcode,remot
xcode,implement
xcode,erb
xcode,concret
xcode,cv
xcode,click
xcode,understand
xcode,continu
xcode,expect
xcode,sel
xcode,concern
xcode,commerci
xcode,css
xcode,coupl
xcode,futur
xcode,dump
xcode,comput
xcode,send
xcode,independ
xcode,awar
xcode,demo
xcode,embed
xcode,hard
xcode,block
xcode,team
xcode,optim
xcode,import
xcode,stuff
xcode,termin
xcode,3rd
xcode,album
xcode,imag
xcode,symbol
xcode,nt
xcode,wsdl
xcode,convert
xcode,rvm
xcode,advic
xcode,brows
xcode,add
xcode,cakephp
xcode,reproduc
xcode,form
xcode,stuck
xcode,determin
xcode,xml
xcode,templat
xcode,insert
xcode,method
xcode,checkout
xcode,vector
xcode,written
xcode,differ
xcode,layer
xcode,exit
xcode,trigger
xcode,altern
xcode,render
xcode,gae
xcode,disabl
xcode,button
xcode,commun
xcode,situat
xcode,contact
xcode,actual
xcode,screen
xcode,talk
xcode,asp
xcode,level
xcode,licens
xcode,map
xcode,remov
xcode,bin
xcode,repo
xcode,suspect
xcode,thread
xcode,scope
xcode,compon
xcode,unix
xcode,engin
xcode,discov
xcode,py
xcode,distinguish
xcode,bundl
xcode,trivial
xcode,popul
xcode,potenti
xcode,hello
xcode,feel
xcode,state
xcode,irb
xcode,free
xcode,htaccess
xcode,std
xcode,notic
xcode,offlin
xcode,list
xcode,argument
xcode,j2me
xcode,tabl
xcode,suppos
xcode,button1
xcode,matter
xcode,date
xcode,stylesheet
xcode,blogspot
xcode,approv
xcode,selector
xcode,invoc
xcode,encapsul
xcode,hit
xcode,wonder
xcode,larger
xcode,exactli
xcode,artifact
xcode,actionscript
xcode,express
xcode,didn
xcode,tomcat
xcode,correctli
xcode,helper
xcode,proper
xcode,leak
xcode,stop
xcode,static
xcode,citi
xcode,referenc
xcode,scenario
xcode,resolv
xcode,reset
xcode,arg
xcode,background
xcode,strip
xcode,hibern
xcode,break
xcode,replic
xcode,tip
xcode,clear
xcode,backup
xcode,hand
xcode,pass
xcode,reachabl
xcode,identifi
xcode,public
xcode,handl
xcode,joe
xcode,routin
xcode,action
xcode,expos
xcode,pdf
xcode,major
xcode,lead
xcode,graphic
xcode,contract
xcode,area
xcode,number
xcode,doubt
xcode,need
xcode,top
xcode,sign
xcode,type
xcode,origin
xcode,complic
xcode,sq
xcode,zip
xcode,shortcut
xcode,peopl
xcode,properli
xcode,modif
xcode,obj
xcode,reader
xcode,radio
xcode,care
xcode,iostream
xcode,bring
xcode,task
xcode,deleg
xcode,normal
xcode,decid
xcode,global
xcode,nil
xcode,destroi
xcode,respond
xcode,print
xcode,email
xcode,ruct
xcode,sourceforg
xcode,addit
xcode,live
xcode,bat
xcode,sql
xcode,interest
xcode,stdio
xcode,big
xcode,aa
xcode,endpoint
xcode,cs
xcode,wpf
xcode,hack
xcode,compat
xcode,recreat
xcode,faster
xcode,guidelin
xcode,dialog
xcode,moment
xcode,tmp
xcode,extra
xcode,gpl
xcode,temporari
xcode,huge
xcode,cost
xcode,part
xcode,three
xcode,cell
xcode,accept
xcode,cfg
xcode,wcf
xcode,box
xcode,simplifi
xcode,stream
xcode,db
xcode,uid
xcode,variabl
xcode,redund
xcode,lifecycl
xcode,reus
xcode,book
xcode,minor
xcode,individu
xcode,mysql
xcode,post
xcode,haskel
xcode,person
xcode,win
xcode,trick
xcode,fruit
xcode,affect
xcode,editor
xcode,tful
xcode,ignor
xcode,entiti
xcode,receiv
xcode,privat
xcode,confus
xcode,invok
xcode,monitor
xcode,label
xcode,enabl
xcode,ask
xcode,treat
xcode,tag
xcode,tricki
xcode,bigger
xcode,group
xcode,branch
xcode,writer
xcode,obviou
xcode,player
xcode,statement
xcode,opt
xcode,registri
xcode,reli
xcode,direct
xcode,blackberri
xcode,attach
xcode,content
xcode,alert
xcode,cmd
xcode,serv
xcode,export
xcode,reload
xcode,string
xcode,purchas
xcode,eval
xcode,star
xcode,plai
xcode,behavior
xcode,storag
xcode,name
xcode,encrypt
xcode,multi
xcode,todai
xcode,argc
xcode,summari
xcode,strang
xcode,src
xcode,processor
xcode,toolbar
xcode,thought
xcode,submit
xcode,imagin
xcode,wordpress
xcode,request
xcode,advanc
xcode,drawabl
xcode,associ
xcode,setter
xcode,urllib2
xcode,drop
xcode,3d
xcode,wrapper
xcode,make
xcode,show
xcode,search
xcode,style
xcode,listbox
xcode,foo
xcode,creation
xcode,suffici
xcode,ifram
xcode,viewport
xcode,ubuntu
xcode,protocol
xcode,enter
xcode,echo
xcode,vb6
xcode,take
xcode,devis
xcode,job
xcode,init
xcode,url
xcode,anim
xcode,gem
xcode,capac
xcode,kill
xcode,return
xcode,pr
xcode,lo
xcode,intent
xcode,manifest
xcode,gap
xcode,initi
xcode,sender
xcode,da
xcode,assign
xcode,cl
xcode,retriev
xcode,filter
xcode,domain
xcode,wiki
xcode,select
xcode,filenam
xcode,final
xcode,vaadin
xcode,po
xcode,valid
xcode,explain
xcode,graph
xcode,mscorlib
xcode,popup
xcode,ident
xcode,complain
xcode,boost
xcode,ls
xcode,jsp
xcode,drive
xcode,sz
xcode,bind
xcode,recycl
xcode,mean
xcode,increment
xcode,input
xcode,ascx
xcode,account
xcode,flex
xcode,lower
xcode,accommod
xcode,die
xcode,worri
xcode,clue
xcode,mp3
xcode,diagnost
xcode,human
xcode,intern
xcode,kei
xcode,declar
xcode,procedur
xcode,png
xcode,flexibl
xcode,deal
xcode,line
xcode,press
xcode,camera
xcode,prevent
xcode,queri
xcode,argv
xcode,true
xcode,logger
xcode,socket
xcode,er
xcode,indent
xcode,item
xcode,head
xcode,mercuri
xcode,limit
xcode,troubl
xcode,robot
xcode,stack
xcode,mv
xcode,reach
xcode,order
xcode,lite
xcode,hopefulli
xcode,activ
xcode,regist
xcode,excel
xcode,storyboard
xcode,var
xcode,paramet
xcode,cm
xcode,param
xcode,scroll
xcode,concept
xcode,sens
xcode,essenti
xcode,math
xcode,attempt
xcode,picker
xcode,ax
xcode,mix
xcode,expand
xcode,gc
xcode,dg
xcode,composit
xcode,symfoni
xcode,batch
xcode,publish
xcode,se
xcode,shape
xcode,indic
xcode,grid
xcode,analysi
xcode,gen
xcode,combo
xcode,incorrect
xcode,mapi
xcode,parent
xcode,power
xcode,pipe
xcode,forget
xcode,tree
xcode,seper
xcode,txt
xcode,cultur
xcode,demonstr
xcode,jsf
xcode,neutral
xcode,highlight
xcode,notifi
xcode,perfectli
xcode,organ
xcode,ib
xcode,syntax
xcode,win32
xcode,parser
xcode,comment
xcode,instanc
xcode,offic
xcode,typic
xcode,rectangl
xcode,occur
xcode,phase
xcode,alias
xcode,pre
xcode,surfac
xcode,chart
xcode,exclud
xcode,weight
xcode,collect
xcode,media
xcode,sheet
xcode,gwt
xcode,audio
xcode,sort
xcode,weblog
xcode,polymorph
xcode,architectur
xcode,respons
xcode,mydomain
xcode,pod
xcode,snapshot
xcode,interpret
xcode,master
xcode,mess
xcode,point
xcode,aspx
xcode,apach
xcode,mime
xcode,prefix
xcode,dummi
xcode,valu
xcode,lock
xcode,record
xcode,typenam
xcode,pl
xcode,wait
xcode,subdomain
xcode,wai
xcode,suit
xcode,innerhtml
xcode,respect
xcode,space
xcode,jan
xcode,format
xcode,kernel
xcode,match
xcode,persist
xcode,overrid
xcode,sy
xcode,clojur
xcode,td
xcode,refresh
xcode,netbean
xcode,interv
xcode,frame
xcode,function
xcode,finish
xcode,leav
xcode,dsl
xcode,session
xcode,mous
xcode,driver
xcode,x64
xcode,workspac
xcode,ey
xcode,reflect
xcode,agent
xcode,replac
xcode,xsl
xcode,catalog
xcode,translat
xcode,manipul
xcode,ostream
xcode,draw
xcode,smart
xcode,ftp
xcode,vm
xcode,text
xcode,hidden
xcode,plug
xcode,follow
xcode,registr
xcode,proxi
xcode,sync
xcode,bare
xcode,shot
xcode,spring
xcode,canva
xcode,header
xcode,invalid
xcode,overlai
xcode,redirect
xcode,frequent
xcode,bookmark
xcode,grab
xcode,subprocess
xcode,compani
xcode,merg
xcode,panel
xcode,mvvm
xcode,recogn
xcode,broken
xcode,year
xcode,adapt
xcode,hash
xcode,factori
xcode,diff
xcode,equival
xcode,articl
xcode,elaps
xcode,jump
xcode,chanc
xcode,ini
xcode,field
xcode,captur
xcode,schedul
xcode,widget
xcode,conn
xcode,privileg
xcode,min
xcode,attribut
xcode,rememb
xcode,transform
xcode,onlin
xcode,2f
xcode,technic
xcode,answer
xcode,fragment
xcode,certif
xcode,condit
xcode,look
xcode,deriv
xcode,front
xcode,appreci
xcode,readi
xcode,author
xcode,bad
xcode,suppli
xcode,jqueri
xcode,t4
xcode,curl
xcode,lisp
xcode,usag
xcode,arrai
xcode,metadata
xcode,ce
xcode,anonym
xcode,secret
xcode,pointer
xcode,utf
xcode,mine
xcode,usb
xcode,boss
xcode,retain
xcode,quot
xcode,context
xcode,weird
xcode,null
xcode,member
xcode,membership
xcode,poco
xcode,underli
xcode,absolut
xcode,dai
xcode,dsp
xcode,border
xcode,scale
xcode,unhandl
xcode,jdbc
xcode,pars
xcode,ssh
xcode,remain
xcode,snippet
xcode,revers
xcode,landscap
xcode,layout
xcode,past
xcode,synchron
xcode,subclass
xcode,assert
xcode,prototyp
xcode,meta
xcode,claim
xcode,card
xcode,geo
xcode,failur
xcode,rid
xcode,unicod
xcode,iter
xcode,safe
xcode,exec
xcode,increas
xcode,wasn
xcode,oracl
xcode,pool
xcode,element
xcode,shouldn
xcode,dist
xcode,caught
xcode,descript
xcode,immut
xcode,def
xcode,mail
xcode,commit
xcode,img
xcode,uniqu
xcode,size
xcode,dim
xcode,algorithm
xcode,wouldn
xcode,contain
xcode,red
xcode,marshal
xcode,compar
xcode,extend
xcode,ensur
xcode,couldn
xcode,xslt
xcode,activex
xcode,singleton
xcode,fastcgi
xcode,erlang
xcode,listen
xcode,tooltip
xcode,ï¿½â‚¬â„¢
xcode,char
xcode,oauth
xcode,chat
xcode,describ
xcode,est
xcode,alloc
xcode,assumpt
xcode,gdi
xcode,uri
xcode,relev
xcode,random
xcode,doctrin
xcode,music
xcode,xib
xcode,pop
xcode,btn
xcode,categori
xcode,getjson
xcode,annot
xcode,quit
xcode,improv
xcode,pictur
xcode,servlet
xcode,segment
xcode,iso
xcode,ajax
xcode,dom
xcode,unload
xcode,loader
xcode,broadcast
xcode,fatal
xcode,en
xcode,endif
xcode,verifi
xcode,inlin
xcode,unexpect
xcode,rule
xcode,revis
xcode,pure
xcode,instrument
xcode,dictionari
xcode,rang
xcode,success
xcode,column
xcode,elimin
xcode,groovi
xcode,pattern
xcode,hook
xcode,textfield
xcode,repres
xcode,child
xcode,offset
xcode,winform
xcode,life
xcode,emb
xcode,clickabl
xcode,scanner
xcode,deseri
xcode,descend
xcode,contrib
xcode,enforc
xcode,cluster
xcode,stackoverflow
xcode,cycl
xcode,addon
xcode,ef
xcode,speed
xcode,fetch
xcode,stderr
xcode,effect
xcode,toolkit
xcode,smarti
xcode,ructor
xcode,legend
xcode,interop
xcode,end
xcode,ctx
xcode,accomplish
xcode,mozilla
xcode,usernam
xcode,onclick
xcode,matrix
xcode,orm
xcode,keypress
xcode,eventu
xcode,overload
xcode,prioriti
xcode,font
xcode,short
xcode,bool
xcode,multithread
xcode,mechan
xcode,ie8
xcode,append
xcode,resiz
xcode,pragma
xcode,comparison
xcode,friend
xcode,result
xcode,zone
xcode,textbox
xcode,2d
xcode,ultim
xcode,slow
xcode,introduc
xcode,reliabl
xcode,fire
xcode,review
xcode,diagram
xcode,exclus
xcode,fals
xcode,svc
xcode,dismiss
xcode,encod
xcode,piec
xcode,benefit
xcode,week
xcode,sun
xcode,chain
xcode,gi
xcode,ssl
xcode,facelet
xcode,v4
xcode,workaround
xcode,taxi
xcode,callback
xcode,schema
xcode,word
xcode,armv7
xcode,calendar
xcode,refactor
xcode,deep
xcode,prop
xcode,strategi
xcode,sh
xcode,javadoc
xcode,authent
xcode,mutabl
xcode,node
xcode,hyperlink
xcode,classpath
xcode,restrict
xcode,bash
xcode,abc
xcode,name1
xcode,shutdown
xcode,partial
xcode,vb
xcode,pk
xcode,heroku
xcode,smaller
xcode,regex
xcode,partner
xcode,quick
xcode,duplic
xcode,correspond
xcode,compos
xcode,pojo
xcode,stdout
xcode,blog
xcode,signatur
xcode,pain
xcode,rest
xcode,desir
xcode,conveni
xcode,timer
xcode,webpag
xcode,inherit
xcode,secur
xcode,posit
xcode,feed
xcode,ti
xcode,emerg
xcode,unsign
xcode,loop
xcode,alpha
xcode,raw
xcode,visibl
xcode,bitmap
xcode,async
xcode,xl
xcode,harder
xcode,inspect
xcode,wx
xcode,hide
xcode,role
xcode,bs
xcode,deni
xcode,passeng
xcode,connector
xcode,drawn
xcode,dealloc
xcode,handler
xcode,collector
xcode,fall
xcode,robust
xcode,ansi
xcode,relationship
xcode,emp
xcode,rewrit
xcode,paragraph
xcode,programm
xcode,scrollview
xcode,abort
xcode,entri
xcode,cooki
xcode,english
xcode,list1
xcode,light
xcode,bodi
xcode,listview
xcode,minimum
xcode,unlock
xcode,plain
xcode,precis
xcode,clearli
xcode,fast
xcode,nest
xcode,analyt
xcode,isol
xcode,placement
xcode,struct
xcode,fulli
xcode,bmp
xcode,face
xcode,hdc
xcode,hous
xcode,consum
xcode,keyboard
xcode,row
xcode,linq
xcode,insight
xcode,serial
xcode,yahoo
xcode,subsequ
xcode,lookup
xcode,enumer
xcode,rubygem
xcode,regular
xcode,owner
xcode,titl
xcode,sharp
xcode,xerc
xcode,delimit
xcode,inject
xcode,autoreleas
xcode,numer
xcode,convers
xcode,incorrectli
xcode,transfer
xcode,deprec
xcode,nsxml
xcode,swf
xcode,color
xcode,caption
xcode,oo
xcode,amount
xcode,unknown
xcode,cast
xcode,countri
xcode,charact
xcode,pull
xcode,cpu
xcode,split
xcode,sprite
xcode,dispos
xcode,outlet
xcode,vt
xcode,nib
xcode,easiest
xcode,overwrit
xcode,boolean
xcode,focu
xcode,shadow
xcode,djangoproject
xcode,apart
xcode,fit
xcode,cach
xcode,webservic
xcode,urlencod
xcode,represent
xcode,pref
xcode,skip
xcode,edg
xcode,typeof
xcode,glassfish
xcode,youtub
xcode,recurs
xcode,slider
xcode,evalu
xcode,war
xcode,van
xcode,transpar
xcode,lose
xcode,round
xcode,magento
xcode,notat
xcode,counter
xcode,ap
xcode,wors
xcode,capabl
xcode,shorter
xcode,spot
xcode,sencha
xcode,statu
xcode,dict
xcode,intend
xcode,sever
xcode,fs
xcode,opencv
xcode,dead
xcode,stick
xcode,brush
xcode,temp
xcode,price
xcode,mongodb
xcode,lbl
xcode,pai
xcode,rais
xcode,pthread
xcode,re
xcode,forum
xcode,stat
xcode,offer
xcode,workflow
xcode,garbag
xcode,mod
xcode,wizard
xcode,oper
xcode,wrap
xcode,preview
xcode,runat
xcode,rss
xcode,neg
xcode,integ
xcode,cancel
xcode,consider
xcode,ns2
xcode,malloc
xcode,super
xcode,notepad
xcode,env
xcode,con
xcode,detach
xcode,abstract
xcode,localhost
xcode,put
xcode,eleg
xcode,deliveri
xcode,guarante
xcode,buffer
xcode,queue
xcode,rb
xcode,sandbox
xcode,slide
xcode,ï¿½â‚¬ï¿½
xcode,arbitrari
xcode,bean
xcode,portion
xcode,high
xcode,rdf
xcode,foreach
xcode,stub
xcode,compliant
xcode,equal
xcode,primit
xcode,school
xcode,cf
xcode,proc
xcode,lifetim
xcode,checkbox
xcode,queryabl
xcode,keyword
xcode,onload
xcode,flip
xcode,achiev
xcode,pair
xcode,heap
xcode,fill
xcode,enterpris
xcode,coordin
xcode,conform
xcode,userid
xcode,xp
xcode,closest
xcode,effici
xcode,password
xcode,linear
xcode,cloud
xcode,cord
xcode,rect
xcode,str
xcode,legal
xcode,drag
xcode,inform
xcode,famili
xcode,liter
xcode,sum
xcode,durat
xcode,byte
xcode,tweak
xcode,wm
xcode,knowledg
xcode,bootstrap
xcode,webserv
xcode,hierarchi
xcode,tm
xcode,reg
xcode,xsd
xcode,dirti
xcode,faq
xcode,qualiti
xcode,clone
xcode,mark
xcode,happi
xcode,destructor
xcode,room
xcode,toast
xcode,grail
xcode,stai
xcode,thumbnail
xcode,tap
xcode,openjdk
xcode,implicitli
xcode,cant
xcode,cleaner
xcode,fade
xcode,period
xcode,bui
xcode,superview
xcode,modal
xcode,pseudo
xcode,aspect
xcode,catalina
xcode,test1
xcode,form1
xcode,xmlhttp
xcode,int32
xcode,ee
xcode,pick
xcode,alia
xcode,jre
xcode,establish
xcode,corrupt
xcode,chosen
xcode,mb
xcode,hasn
xcode,zend
xcode,arg1
xcode,yield
xcode,nsurl
xcode,popov
xcode,greatli
xcode,ahead
xcode,charset
xcode,progress
xcode,total
xcode,repeat
xcode,paus
xcode,enum
xcode,bound
xcode,func
xcode,router
xcode,dbo
xcode,combin
xcode,filesystem
xcode,div
xcode,tran
xcode,compress
xcode,resum
xcode,cover
xcode,28java
xcode,advantag
xcode,dword
xcode,wp
xcode,typedef
xcode,meet
xcode,told
xcode,index
xcode,jvm
xcode,invoic
xcode,left
xcode,readonli
xcode,csv
xcode,suspend
xcode,reduc
xcode,possibl
xcode,impl
xcode,ic
xcode,suppress
xcode,marker
xcode,disk
xcode,confirm
xcode,mainten
xcode,applet
xcode,term
xcode,cursor
xcode,overlap
xcode,concat
xcode,int
xcode,imposs
xcode,straight
xcode,stroke
xcode,arr
xcode,primari
xcode,lucen
xcode,swing
xcode,slice
xcode,advis
xcode,xmln
xcode,caller
xcode,soap
xcode,dimens
xcode,payment
xcode,launcher
xcode,count
xcode,t1
xcode,fb
xcode,administr
xcode,mailer
xcode,pa
xcode,width
xcode,view1
xcode,cd
xcode,cart
xcode,xs
xcode,length
xcode,watch
xcode,fake
xcode,ball
xcode,traffic
xcode,criteria
xcode,roll
xcode,stori
xcode,delai
xcode,weak
xcode,channel
xcode,trust
xcode,walk
xcode,relat
xcode,rc
xcode,observ
xcode,endl
xcode,appengin
xcode,scan
xcode,vimrc
xcode,s3
xcode,el
xcode,thumb
xcode,rout
xcode,overhead
xcode,perl
xcode,2nd
xcode,convent
xcode,val
xcode,sequenc
xcode,mock
xcode,markup
xcode,clr
xcode,spinner
xcode,mapper
xcode,br
xcode,ie7
xcode,driven
xcode,codeignit
xcode,concaten
xcode,grow
xcode,datetim
xcode,lost
xcode,oop
xcode,tue
xcode,gestur
xcode,mysqli
xcode,prior
xcode,postgresql
xcode,minim
xcode,viewer
xcode,slower
xcode,formatt
xcode,hardwar
xcode,straightforward
xcode,gl
xcode,arrow
xcode,paint
xcode,extrem
xcode,sequenti
xcode,cat
xcode,adjust
xcode,portabl
xcode,obfusc
xcode,timestamp
xcode,hiya
xcode,overflow
xcode,exiv2
xcode,cg
xcode,vec
xcode,innodb
xcode,trait
xcode,shuffl
xcode,cgi
xcode,gmail
xcode,calcul
xcode,superclass
xcode,loc
xcode,cc
xcode,employe
xcode,goal
xcode,subscript
xcode,shift
xcode,matlab
xcode,expens
xcode,partit
xcode,creator
xcode,tbl
xcode,cascad
xcode,bottom
xcode,datepick
xcode,attr
xcode,alter
xcode,ds
xcode,doctyp
xcode,token
xcode,ef4
xcode,sit
xcode,friendli
xcode,f1
xcode,objc
xcode,elem
xcode,sqlite3
xcode,vi
xcode,bill
xcode,explicit
xcode,maximum
xcode,forward
xcode,disappear
xcode,journei
xcode,height
xcode,webkit
xcode,valv
xcode,worker
xcode,stand
xcode,prolog
xcode,techniqu
xcode,biggest
xcode,cout
xcode,0m
xcode,flat
xcode,pg
xcode,auto
xcode,logout
xcode,b2
xcode,decod
xcode,jq
xcode,tier
xcode,github
xcode,checksum
xcode,foreign
xcode,candid
xcode,scalabl
xcode,seek
xcode,galleri
xcode,repli
xcode,mce
xcode,center
xcode,inflat
xcode,measur
xcode,dropdown
xcode,transact
xcode,cur
xcode,sw
xcode,toggl
xcode,luck
xcode,firebug
xcode,tupl
xcode,msg
xcode,textur
xcode,cleanup
xcode,rate
xcode,timeout
xcode,readabl
xcode,digit
xcode,behaviour
xcode,lang
xcode,subview
xcode,fi
xcode,tick
xcode,btw
xcode,method1
xcode,parallel
xcode,printf
xcode,ws
xcode,destin
xcode,holder
xcode,col
xcode,struggl
xcode,wast
xcode,scene
xcode,comp
xcode,dispatch
xcode,pagin
xcode,stabl
xcode,blue
xcode,err
xcode,hint
xcode,odd
xcode,simpler
xcode,scheme
xcode,recv
xcode,familiar
xcode,wav
xcode,intersect
xcode,seq
xcode,grep
xcode,visitor
xcode,sed
xcode,low
xcode,raint
xcode,sleep
xcode,runner
xcode,pdo
xcode,clarifi
xcode,zoom
xcode,subset
xcode,ugli
xcode,greater
xcode,margin
xcode,vari
xcode,ctrl
xcode,opinion
xcode,simplest
xcode,fp
xcode,semant
xcode,ps
xcode,region
xcode,awk
xcode,boot
xcode,car
xcode,sqlite
xcode,circl
xcode,gist
xcode,inner
xcode,xhtml
xcode,tile
xcode,chunk
xcode,file0
xcode,rank1
xcode,avail
xcode,stdin
xcode,volatil
xcode,accessor
xcode,benchmark
xcode,sale
xcode,hover
xcode,sensit
xcode,fairli
xcode,mx
xcode,ptr
xcode,flow
xcode,watcher
xcode,springframework
xcode,dao
xcode,subject
xcode,gp
xcode,effort
xcode,month
xcode,fiddl
xcode,race
xcode,doesnt
xcode,lambda
xcode,transit
xcode,movi
xcode,gradient
xcode,slug
xcode,mistak
xcode,dvd
xcode,wide
xcode,utf8
xcode,gain
xcode,reusabl
xcode,max
xcode,println
xcode,middl
xcode,grammar
xcode,span
xcode,sharepo
xcode,hour
xcode,discuss
xcode,trim
xcode,multipli
xcode,javax
xcode,op
xcode,ï¿½â‚¬ï¿½?
xcode,bandwidth
xcode,claus
xcode,lv
xcode,blob
xcode,ra
xcode,ie6
xcode,averag
xcode,topic
xcode,expir
xcode,swt
xcode,modern
xcode,xxx
xcode,factor
xcode,act
xcode,getter
xcode,flush
xcode,stupid
xcode,fd
xcode,rank
xcode,constructor
xcode,form2
xcode,implicit
xcode,textview
xcode,escap
xcode,html5
xcode,worth
xcode,mef
xcode,ip
xcode,highli
xcode,children
xcode,revert
xcode,opaqu
xcode,rank0
xcode,bridg
xcode,nvarchar
xcode,score
xcode,zero
xcode,vote
xcode,critic
xcode,il
xcode,st
xcode,mic
xcode,av
xcode,conf
xcode,wildcard
xcode,swap
xcode,physic
xcode,portal
xcode,s1
xcode,conflict
xcode,dot
xcode,meant
xcode,multipart
xcode,tr
xcode,posix
xcode,logo
xcode,si
xcode,pin
xcode,acl
xcode,clipboard
xcode,extent
xcode,unmanag
xcode,emac
xcode,mutex
xcode,webview
xcode,analyz
xcode,tv
xcode,varchar
xcode,intens
xcode,horizont
xcode,ag
xcode,r2
xcode,restor
xcode,aw
xcode,vertic
xcode,asset
xcode,case
xcode,studi
xcode,substr
xcode,1st
xcode,maze
xcode,descriptor
xcode,ticket
xcode,pm
xcode,cut
xcode,textarea
xcode,messeng
xcode,li
xcode,occup
xcode,salt
xcode,page
xcode,depth
xcode,long
xcode,timezon
xcode,manufactur
xcode,resolut
xcode,bold
xcode,decim
xcode,dbm
xcode,rich
xcode,ago
xcode,explod
xcode,df
xcode,pd
xcode,t2
xcode,gb
xcode,buff
xcode,preg
xcode,focus
xcode,rand
xcode,explan
xcode,do
xcode,rs
xcode,gzip
xcode,spreadsheet
xcode,predic
xcode,htm
xcode,skin
xcode,daemon
xcode,msdn
xcode,natur
xcode,ascii
xcode,prog
xcode,httpd
xcode,rw
xcode,dest
xcode,exercis
xcode,alarm
xcode,log4j
xcode,file1
xcode,arriv
xcode,castl
xcode,desc
xcode,getdat
xcode,resp
xcode,quantiti
xcode,mov
xcode,de
xcode,clip
xcode,seri
xcode,inact
xcode,rn
xcode,board
xcode,princip
xcode,slash
xcode,cap
xcode,letter
xcode,spec
xcode,lp
xcode,cal
xcode,ban
xcode,rgb
xcode,attack
xcode,jboss
xcode,baz
xcode,violat
xcode,v1
xcode,central
xcode,align
xcode,lazi
xcode,ur
xcode,yyyi
xcode,divis
xcode,newlin
xcode,mysit
xcode,isset
xcode,synonym
xcode,fixtur
xcode,classroom
xcode,signal
xcode,apache2
xcode,productid
xcode,curv
xcode,teacher
xcode,goto
xcode,recipi
xcode,ram
xcode,em
xcode,polici
xcode,textio
xcode,banner
xcode,gender
xcode,codec
xcode,treeview
xcode,md5
xcode,comma
xcode,nhibern
xcode,smtp
xcode,fault
xcode,ext
xcode,exp
xcode,dn
xcode,trai
xcode,concurr
xcode,status
xcode,jpeg
xcode,cn
xcode,tcp
xcode,section
xcode,subscrib
xcode,dataset
xcode,south
xcode,screenshot
xcode,inf
xcode,v3
xcode,gridview
xcode,ci
xcode,p2
xcode,xx
xcode,comm
xcode,req
xcode,pixel
xcode,clock
xcode,autocomplet
xcode,sizeof
xcode,monei
xcode,jpg
xcode,pend
xcode,cron
xcode,tinymc
xcode,footer
xcode,prev
xcode,minut
xcode,seo
xcode,poll
xcode,selenium
xcode,p1
xcode,es
xcode,interrupt
xcode,volum
xcode,anchor
xcode,tt
xcode,sb
xcode,awt
xcode,kb
xcode,pack
xcode,depart
xcode,strict
xcode,workbook
xcode,mc
xcode,mid
xcode,uk
xcode,wnd
xcode,num
xcode,expr
xcode,asynchron
xcode,mask
xcode,join
xcode,ing
xcode,visit
xcode,black
xcode,coord
xcode,ï¿½ï¿½
xcode,gif
xcode,dylib
xcode,distinct
xcode,sp
xcode,credenti
xcode,histori
xcode,colour
xcode,hex
xcode,v2
xcode,table1
xcode,pane
xcode,envelop
xcode,packet
xcode,executor
xcode,dd
xcode,prepar
xcode,lat
xcode,alt
xcode,outer
xcode,union
xcode,buf
xcode,white
xcode,doubl
xcode,ul
