java,applic
java,web
java,class
java,except
java,org
java,xml
java,manag
java,creat
java,test
java,method
java,work
java,base
java,start
java,app
java,jar
java,import
java,gener
java,implement
java,file
java,api
java,code
java,exampl
java,util
java,server
java,system
java,context
java,problem
java,error
java,invok
java,call
java,program
java,client
java,write
java,servic
java,support
java,net
java,process
java,html
java,will
java,object
java,simpl
java,core
java,don
java,execut
java,servlet
java,href
java,intern
java,librari
java,project
java,ve
java,type
java,impl
java,set
java,provid
java,nofollow
java,sourc
java,version
java,configur
java,python
java,build
java,nativ
java,question
java,directori
java,spring
java,resourc
java,plugin
java,log
java,compil
java,open
java,connect
java,instanc
java,bean
java,run
java,php
java,access
java,data
java,rel
java,sun
java,basic
java,public
java,refer
java,load
java,window
java,thread
java,depend
java,read
java,secur
java,doesn
java,android
java,default
java,http
java,eclips
java,help
java,develop
java,tomcat
java,includ
java,properti
java,find
java,well
java,issu
java,good
java,chang
java,add
java,info
java,allow
java,packag
java,privat
java,valid
java,instal
java,store
java,requir
java,check
java,thing
java,framework
java,factori
java,interfac
java,tool
java,script
java,user
java,document
java,languag
java,standard
java,javax
java,time
java,current
java,list
java,main
java,event
java,databas
java,apach
java,request
java,handler
java,custom
java,string
java,compon
java,pass
java,messag
java,function
java,hibern
java,path
java,handl
java,filter
java,sql
java,runtim
java,link
java,defin
java,io
java,modul
java,tutori
java,queri
java,initi
java,maven
java,site
java,option
java,better
java,idea
java,abstract
java,map
java,session
java,lang
java,command
java,local
java,best
java,control
java,springframework
java,url
java,solut
java,common
java,stream
java,null
java,doc
java,listen
java,state
java,variabl
java,specif
java,edit
java,updat
java,wrapper
java,share
java,bit
java,ll
java,catalina
java,activ
java,exist
java,task
java,artifact
java,arrai
java,annot
java,multipl
java,output
java,javascript
java,result
java,content
java,number
java,close
java,search
java,host
java,googl
java,isn
java,action
java,throw
java,fail
java,post
java,model
java,view
java,config
java,return
java,go
java,note
java,locat
java,design
java,driver
java,download
java,deleg
java,dispatch
java,collect
java,pars
java,final
java,featur
java,form
java,jsf
java,differ
java,side
java,express
java,fine
java,complet
java,browser
java,block
java,webapp
java,easi
java,text
java,perform
java,os
java,singl
java,linux
java,lot
java,reason
java,sampl
java,paramet
java,group
java,entiti
java,machin
java,send
java,element
java,imag
java,debug
java,learn
java,understand
java,templat
java,true
java,kei
java,rubi
java,structur
java,mysql
java,bind
java,target
java,lifecycl
java,name
java,convert
java,assembl
java,recommend
java,json
java,separ
java,face
java,dll
java,environ
java,correct
java,root
java,dynam
java,websit
java,namespac
java,network
java,modifi
java,parser
java,var
java,catch
java,step
java,pattern
java,extend
java,level
java,report
java,field
java,valu
java,oper
java,visual
java,insid
java,mvc
java,extern
java,simpli
java,tabl
java,copi
java,second
java,input
java,cach
java,extens
java,ns
java,domain
java,folder
java,assum
java,wrong
java,platform
java,address
java,attribut
java,virtual
java,directli
java,commun
java,adapt
java,respons
java,argument
java,asp
java,lib
java,delet
java,persist
java,port
java,gui
java,socket
java,scope
java,id
java,fals
java,init
java,memori
java,format
java,protocol
java,transact
java,dom
java,cours
java,loop
java,phone
java,jdbc
java,written
java,unit
java,entri
java,flash
java,facebook
java,save
java,receiv
java,releas
java,django
java,jsp
java,displai
java,place
java,inject
java,binari
java,loader
java,answer
java,ant
java,oracl
java,jetti
java,authent
java,detail
java,tag
java,record
java,remov
java,kind
java,item
java,prefer
java,js
java,pretti
java,consid
java,unknown
java,db
java,engin
java,swing
java,contain
java,remot
java,ajax
java,expect
java,won
java,startup
java,deploi
java,processor
java,comment
java,guid
java,termin
java,reflect
java,render
java,button
java,schema
java,runner
java,ui
java,consol
java,statement
java,flow
java,integr
java,built
java,order
java,manual
java,limit
java,setup
java,sort
java,po
java,print
java,product
java,dev
java,concurr
java,kernel
java,studio
java,callback
java,approach
java,practic
java,awt
java,ex
java,declar
java,tree
java,serial
java,overrid
java,algorithm
java,suggest
java,frame
java,click
java,graphic
java,jboss
java,iphon
java,devic
java,empti
java,definit
java,deploy
java,regist
java,resolv
java,repositori
java,figur
java,logic
java,mode
java,node
java,ructor
java,synchron
java,queue
java,full
java,launch
java,size
java,header
java,rail
java,proxi
java,assign
java,login
java,hash
java,protect
java,svn
java,replac
java,automat
java,foo
java,syntax
java,finish
java,reader
java,weblog
java,byte
java,fix
java,regex
java,layout
java,stuff
java,need
java,sign
java,ad
java,executor
java,pointer
java,netbean
java,valv
java,altern
java,constructor
java,charact
java,stack
java,twitter
java,actual
java,solv
java,turn
java,easier
java,lock
java,builder
java,gwt
java,enabl
java,row
java,thought
java,easili
java,facelet
java,peopl
java,box
java,select
java,appl
java,aspx
java,boost
java,channel
java,mojo
java,shell
java,upload
java,happen
java,dir
java,origin
java,hold
java,cooki
java,switch
java,uri
java,def
java,make
java,jpa
java,param
java,miss
java,wiki
java,guess
java,trace
java,arg
java,encod
java,game
java,break
java,pool
java,profil
java,ms
java,accept
java,correctli
java,random
java,linq
java,great
java,async
java,int
java,py
java,categori
java,lucen
java,detect
java,ii
java,redirect
java,wait
java,match
java,person
java,xerc
java,articl
java,media
java,kit
java,wcf
java,ssl
java,account
java,intent
java,didn
java,take
java,buffer
java,optim
java,entir
java,choos
java,dialog
java,real
java,pr
java,sdk
java,count
java,free
java,softwar
java,password
java,desktop
java,column
java,crash
java,complex
java,advanc
java,insert
java,inherit
java,wonder
java,jqueri
java,pure
java,hello
java,mention
java,ubuntu
java,exactli
java,phase
java,monitor
java,point
java,iter
java,src
java,appli
java,talk
java,singleton
java,cast
java,comput
java,direct
java,video
java,interest
java,submit
java,export
java,flag
java,soap
java,unmarshal
java,std
java,permiss
java,deal
java,dao
java,global
java,safe
java,helper
java,struct
java,determin
java,cfg
java,mortbai
java,move
java,warn
java,css
java,mac
java,compar
java,screen
java,email
java,append
java,scala
java,orm
java,perl
java,bug
java,encrypt
java,attempt
java,timer
java,internet
java,worker
java,boolean
java,rest
java,swt
java,openjdk
java,parent
java,ejb
java,properli
java,sound
java,junit
java,continu
java,spec
java,cpp
java,widget
java,bodi
java,space
java,calendar
java,en
java,scheme
java,28java
java,dispos
java,invalid
java,parallel
java,obj
java,navig
java,power
java,inf
java,exit
java,editor
java,rout
java,panel
java,track
java,addit
java,special
java,foreach
java,menu
java,alloc
java,previou
java,re
java,book
java,logger
java,caus
java,runnabl
java,appear
java,creation
java,embed
java,style
java,small
java,vector
java,ssh
java,scenario
java,member
java,excel
java,regular
java,admin
java,contact
java,statu
java,storag
java,integ
java,mobil
java,leak
java,git
java,behavior
java,tab
java,job
java,master
java,hope
java,jdk
java,mono
java,chain
java,err
java,suppos
java,purpos
java,line
java,normal
java,hard
java,transform
java,evalu
java,want
java,cgi
java,topic
java,condit
java,microsoft
java,rule
java,sens
java,draw
java,prevent
java,glassfish
java,brows
java,restart
java,technolog
java,http11
java,retriev
java,vm
java,bitmap
java,strategi
java,bin
java,token
java,sync
java,extract
java,war
java,de
java,vaadin
java,asynchron
java,zip
java,larg
java,xsd
java,combin
java,solr
java,pom
java,log4j
java,occur
java,cross
java,expos
java,appropri
java,titl
java,rewrit
java,odbc
java,pdf
java,cs
java,meta
java,haven
java,interact
java,jre
java,auto
java,schedul
java,clear
java,clojur
java,localhost
java,jvm
java,classpath
java,tcp
java,archiv
java,println
java,flex
java,player
java,explain
java,fact
java,nice
java,hand
java,bar
java,zend
java,dictionari
java,timeout
java,experi
java,decid
java,fetch
java,trigger
java,coyot
java,bad
java,rang
java,snapshot
java,child
java,big
java,max
java,respond
java,qt
java,posit
java,writer
java,str
java,describ
java,eval
java,subvers
java,progress
java,javae
java,wsdl
java,plai
java,length
java,background
java,clean
java,webservic
java,pre
java,openid
java,unabl
java,comparison
java,rb
java,fire
java,live
java,ip
java,matter
java,enumer
java,signal
java,popul
java,procedur
java,produc
java,mail
java,trust
java,achiev
java,selector
java,invoc
java,postgresql
java,haskel
java,div
java,duplic
java,wpf
java,blog
java,echo
java,symbol
java,convers
java,launcher
java,usernam
java,unix
java,scan
java,multithread
java,wrap
java,rpc
java,decod
java,alert
java,xcode
java,vb
java,doctrin
java,marshal
java,autowir
java,split
java,snippet
java,selenium
java,dai
java,interpret
java,calcul
java,associ
java,bundl
java,success
java,situat
java,utf
java,stackoverflow
java,descript
java,icon
java,vim
java,label
java,grid
java,curl
java,effici
java,essenti
java,opengl
java,wrote
java,el
java,sax
java,uniqu
java,javas
java,head
java,unicod
java,txt
java,delphi
java,choic
java,vc
java,aop
java,cursor
java,join
java,html5
java,wai
java,equal
java,anim
java,canva
java,transfer
java,super
java,audio
java,consum
java,sourceforg
java,inner
java,think
java,attach
java,total
java,translat
java,tx
java,disabl
java,bool
java,drop
java,descriptor
java,nest
java,plan
java,repres
java,silverlight
java,compat
java,quartz
java,modif
java,sm
java,three
java,anonym
java,tmp
java,instanti
java,serializ
java,deriv
java,beginn
java,parti
java,rememb
java,fragment
java,equival
java,env
java,gcc
java,accessor
java,third
java,vb6
java,ibm
java,forum
java,identifi
java,certif
java,width
java,maintain
java,forc
java,multi
java,sq
java,manifest
java,immut
java,cakephp
java,follow
java,usr
java,mod
java,forward
java,fatal
java,latest
java,segment
java,ioc
java,ws
java,mechan
java,yahoo
java,upgrad
java,v2
java,hierarchi
java,fill
java,swf
java,ident
java,distribut
java,stylesheet
java,cmd
java,conn
java,typeof
java,recurs
java,word
java,appengin
java,wizard
java,proper
java,ignor
java,prototyp
java,awar
java,csv
java,groovi
java,firefox
java,demo
java,layer
java,air
java,ideal
java,innodb
java,xsl
java,tell
java,establish
java,cocoa
java,feel
java,tm
java,capabl
java,xmln
java,privileg
java,dim
java,observ
java,filenam
java,futur
java,opt
java,extra
java,se
java,batch
java,contract
java,deseri
java,registri
java,wsgi
java,credenti
java,faster
java,role
java,confus
java,emul
java,verifi
java,composit
java,indic
java,keyword
java,notifi
java,dialect
java,win32
java,push
java,onlin
java,relev
java,life
java,faq
java,dont
java,knowledg
java,ftp
java,enter
java,hide
java,pc
java,diagram
java,stage
java,serv
java,jan
java,primit
java,convent
java,manipul
java,criteria
java,membership
java,hook
java,flush
java,foundat
java,ini
java,ask
java,contrib
java,cv
java,year
java,img
java,nil
java,span
java,char
java,technic
java,proc
java,involv
java,raw
java,lite
java,hudson
java,recycl
java,orient
java,area
java,couldn
java,x86
java,clr
java,relationship
java,summari
java,modern
java,pm
java,top
java,look
java,patch
java,enum
java,hang
java,readi
java,appreci
java,care
java,holder
java,chart
java,trunk
java,sy
java,instruct
java,goal
java,closur
java,enterpris
java,cpu
java,left
java,concern
java,func
java,wouldn
java,endpoint
java,mind
java,destin
java,scroll
java,relat
java,debugg
java,cm
java,short
java,rss
java,height
java,cancel
java,javadoc
java,color
java,amd64
java,mozilla
java,galleri
java,reset
java,math
java,png
java,pick
java,mock
java,programmat
java,notic
java,index
java,familiar
java,licens
java,formatt
java,sender
java,sequenc
java,die
java,expand
java,feed
java,counter
java,br
java,connector
java,interop
java,winform
java,fast
java,compani
java,jni
java,skip
java,cli
java,prop
java,improv
java,plain
java,explor
java,stl
java,ext
java,v3
java,nginx
java,shouldn
java,grail
java,xhtml
java,chrome
java,partial
java,sh
java,viewer
java,sqlite
java,simplifi
java,dump
java,chat
java,term
java,popular
java,val
java,bash
java,restrict
java,xaml
java,metadata
java,touch
java,bound
java,cycl
java,osx
java,li
java,ifram
java,clone
java,busi
java,speed
java,workflow
java,cd
java,rev
java,checkbox
java,quot
java,sf
java,armv7
java,architectur
java,captur
java,coupl
java,instrument
java,pull
java,journei
java,ptr
java,usag
java,mous
java,drupal
java,escap
java,notif
java,part
java,drawabl
java,pl
java,offer
java,end
java,introduct
java,adob
java,photo
java,autoreleas
java,subclass
java,isol
java,central
java,natur
java,theme
java,envelop
java,prefix
java,attr
java,dict
java,quick
java,case
java,fluent
java,wx
java,moment
java,indent
java,xampp
java,refresh
java,visibl
java,countri
java,stop
java,abort
java,v4
java,test1
java,ee
java,htm
java,sp
java,rais
java,pipe
java,predic
java,msg
java,sa
java,repo
java,vs2010
java,failur
java,undefin
java,center
java,ensur
java,wikipedia
java,xpath
java,safari
java,temp
java,dist
java,httpd
java,daemon
java,repli
java,2d
java,friend
java,concret
java,con
java,cloud
java,taxi
java,rubyonrail
java,illeg
java,codeignit
java,static
java,actionscript
java,pair
java,concept
java,migrat
java,3d
java,author
java,hit
java,di
java,dylib
java,mercuri
java,slow
java,win
java,wordpress
java,smtp
java,signatur
java,cp
java,cf
java,boss
java,shape
java,sum
java,inlin
java,ado
java,mongodb
java,oop
java,todo
java,drive
java,urllib2
java,intend
java,markup
java,tune
java,accomplish
java,merg
java,explicitli
java,ram
java,arr
java,analyz
java,ticket
java,exact
java,present
java,fb
java,graph
java,simul
java,pack
java,cell
java,effect
java,introduc
java,toast
java,sever
java,htaccess
java,w3
java,gl
java,ipad
java,workspac
java,dealloc
java,troubl
java,min
java,complic
java,sleep
java,onclick
java,older
java,delai
java,cipher
java,hidden
java,compact
java,drag
java,press
java,sharp
java,tf
java,cascad
java,mime
java,car
java,month
java,trivial
java,period
java,chunk
java,put
java,come
java,critic
java,blank
java,stuck
java,peer
java,behav
java,addr
java,usb
java,represent
java,unmanag
java,poll
java,thrown
java,pad
java,getter
java,firebug
java,sudo
java,citi
java,offici
java,worri
java,pipelin
java,analyt
java,ruct
java,jaxb
java,piec
java,gem
java,increment
java,trick
java,date
java,magento
java,stub
java,reg
java,amount
java,music
java,logout
java,hardwar
java,razor
java,fd
java,intel
java,datetim
java,physic
java,exec
java,erlang
java,sprite
java,focu
java,lambda
java,onload
java,trim
java,compress
java,administr
java,publish
java,shutdown
java,diagnost
java,vi
java,exclud
java,gnu
java,avd
java,intercept
java,revers
java,pdo
java,dimens
java,aspect
java,autocomplet
java,advantag
java,lookup
java,standalon
java,ci
java,ef
java,correspond
java,grab
java,overlai
java,sandbox
java,spreadsheet
java,conceptu
java,inflat
java,ctx
java,mix
java,exp
java,backup
java,pop
java,posix
java,toggl
java,bat
java,digit
java,crypto
java,new
java,ap
java,webkit
java,rich
java,timestamp
java,heroku
java,scanner
java,ds
java,superclass
java,macro
java,difficult
java,commit
java,walk
java,applet
java,cxf
java,ce
java,howto
java,fit
java,setter
java,ld
java,dr
java,repeat
java,workaround
java,garbag
java,emerg
java,powershel
java,vec
java,gae
java,suit
java,iso
java,card
java,driven
java,subprocess
java,fi
java,salt
java,sc
java,treat
java,show
java,sb
java,rec
java,secret
java,bluetooth
java,board
java,exclus
java,decrypt
java,mx
java,elaps
java,famili
java,conform
java,pictur
java,pump
java,er
java,consist
java,decim
java,circl
java,kill
java,stupid
java,malloc
java,encount
java,font
java,opencv
java,autom
java,slide
java,team
java,semant
java,ï¿½â‚¬ï¿½?
java,mp3
java,crop
java,price
java,dot
java,webview
java,adb
java,reus
java,approv
java,codehau
java,int32
java,apk
java,heap
java,resum
java,logo
java,xslt
java,interv
java,nhibern
java,remain
java,spot
java,exif
java,webpag
java,emac
java,organ
java,hover
java,histori
java,metric
java,ni
java,clock
java,primari
java,urlencod
java,scale
java,pane
java,children
java,luck
java,linear
java,back
java,md5
java,lisp
java,hour
java,num
java,surfac
java,curiou
java,mutex
java,prolog
java,agent
java,bunch
java,cygwin
java,front
java,djangoproject
java,polici
java,confirm
java,obfusc
java,incorrect
java,youtub
java,x64
java,floor
java,asset
java,fade
java,cant
java,market
java,renam
java,diff
java,xp
java,slice
java,absolut
java,minim
java,programm
java,geocod
java,disk
java,overview
java,ps
java,tful
java,stat
java,irb
java,caller
java,fc
java,xl
java,huge
java,simpler
java,seq
java,align
java,employe
java,deprec
java,referenc
java,z0
java,individu
java,guarante
java,subject
java,mark
java,mfc
java,high
java,strip
java,attack
java,hack
java,xs
java,endif
java,mvvm
java,lead
java,major
java,paint
java,comm
java,typic
java,collis
java,cat
java,legaci
java,linker
java,lazi
java,minut
java,screenshot
java,printf
java,revis
java,sharepo
java,3a
java,vba
java,soup
java,cal
java,cout
java,cluster
java,ls
java,radio
java,catalog
java,conf
java,benchmark
java,cost
java,smarti
java,chapter
java,v1
java,rect
java,ansi
java,charset
java,amazon
java,ag
java,abil
java,reject
java,arg1
java,github
java,erb
java,blogspot
java,op
java,sd
java,explicit
java,branch
java,leopard
java,encapsul
java,claus
java,listview
java,sw
java,doctyp
java,princip
java,pcap
java,beta
java,weather
java,alpha
java,grant
java,gpl
java,raint
java,depth
java,hex
java,lost
java,sha
java,gc
java,tinymc
java,textbox
java,highlight
java,obviou
java,cron
java,prime
java,cc
java,deni
java,replic
java,popup
java,dead
java,man
java,pthread
java,gzip
java,w3school
java,avail
java,leav
java,dsl
java,packet
java,proof
java,markdown
java,restor
java,substr
java,pi
java,jsonp
java,constant
java,em
java,chanc
java,red
java,placehold
java,exiv2
java,dest
java,w3c
java,volum
java,acl
java,pref
java,nsurl
java,fault
java,typenam
java,devis
java,low
java,region
java,slower
java,realiz
java,mutabl
java,stabl
java,reduc
java,implicit
java,weird
java,pojo
java,textur
java,dsp
java,lower
java,page
java,delimit
java,checkout
java,portal
java,bu
java,tsql
java,lat
java,aliv
java,xsi
java,objc
java,sock
java,offic
java,overload
java,candid
java,ae
java,overflow
java,blackberri
java,measur
java,symfoni
java,recreat
java,runat
java,bottom
java,prioriti
java,dataset
java,reach
java,tick
java,techniqu
java,nsxml
java,xxx
java,audit
java,ol
java,clickabl
java,za
java,prepar
java,incom
java,invoic
java,seper
java,oauth
java,mef
java,mk
java,temporari
java,weight
java,registr
java,rc
java,sdl
java,cover
java,cg
java,llvm
java,webform
java,3rd
java,preg
java,gp
java,swap
java,gb
java,buf
java,base64
java,rubygem
java,cool
java,scratch
java,ball
java,unsign
java,hei
java,endpo
java,mv
java,discuss
java,advic
java,spatial
java,analysi
java,destructor
java,human
java,apart
java,binder
java,passeng
java,buff
java,interrupt
java,datat
java,mysit
java,suspect
java,happi
java,backend
java,commerci
java,plug
java,bookmark
java,bridg
java,j2me
java,alt
java,cdata
java,cap
java,reload
java,unexpect
java,caught
java,jpg
java,suppli
java,oo
java,rdf
java,complain
java,apache2
java,outlook
java,pixel
java,border
java,decor
java,seek
java,vehicl
java,comp
java,eleg
java,spinner
java,varchar
java,straightforward
java,fairli
java,round
java,inet
java,abc
java,modal
java,tt
java,preprocessor
java,rotat
java,earlier
java,behaviour
java,lbl
java,fun
java,expir
java,openssl
java,pro
java,suppress
java,materi
java,margin
java,stai
java,uid
java,simplest
java,worth
java,datepick
java,cond
java,blob
java,earli
java,student
java,cl
java,week
java,sheet
java,ï¿½â‚¬ï¿½
java,keyboard
java,experienc
java,marker
java,dtd
java,workbook
java,strict
java,prompt
java,sortabl
java,0x
java,dc
java,asm
java,employ
java,horizont
java,alia
java,addon
java,synthes
java,nokia
java,slug
java,hint
java,theori
java,udp
java,stock
java,unbind
java,beauti
java,slider
java,es
java,divid
java,len
java,h2
java,cleaner
java,assert
java,mine
java,strang
java,factor
java,doubl
java,tile
java,refman
java,geometri
java,jsfiddl
java,sizeof
java,toolkit
java,ie8
java,liter
java,tail
java,clue
java,ul
java,mistak
java,desir
java,mb
java,webserv
java,reli
java,violat
java,fanci
java,demonstr
java,tween
java,td
java,lst
java,argv
java,south
java,section
java,english
java,autoload
java,review
java,sin
java,digest
java,skin
java,creator
java,foreground
java,suspend
java,arraylist
java,fulli
java,opinion
java,underli
java,stroke
java,tupl
java,unhandl
java,gif
java,numer
java,movi
java,light
java,manufactur
java,idl
java,explan
java,lifetim
java,broadcast
java,plist
java,maze
java,btn
java,tr
java,col
java,offlin
java,mydomain
java,argc
java,formula
java,28v
java,perfectli
java,pin
java,subsequ
java,dropdown
java,mask
java,view1
java,shot
java,tbl
java,rsa
java,retain
java,letter
java,classic
java,shift
java,ascii
java,bid
java,cur
java,do
java,gi
java,textio
java,xib
java,keep
java,e2
java,alarm
java,req
java,method1
java,sale
java,sha1
java,float
java,refactor
java,lg
java,fiddl
java,agre
java,offset
java,compliant
java,gradient
java,foreign
java,unlock
java,cert
java,shuffl
java,teacher
java,cake
java,soft
java,button1
java,univers
java,xmlhttp
java,magic
java,jpeg
java,owner
java,subdomain
java,smart
java,motion
java,north
java,routin
java,guidelin
java,ch
java,easiest
java,vertic
java,newer
java,implicitli
java,rgb
java,codec
java,textarea
java,evt
java,fork
java,dvd
java,statist
java,ing
java,tap
java,union
java,cn
java,stdout
java,gridview
java,thumbnail
java,focus
java,collector
java,joomla
java,wp7
java,visit
java,jm
java,hot
java,poco
java,shortcut
java,outer
java,rate
java,tooltip
java,fixtur
java,btw
java,multipli
java,advis
java,mic
java,nc
java,rvm
java,curv
java,odd
java,treeview
java,makefil
java,picker
java,myusernam
java,grammar
java,mscorlib
java,bi
java,distinct
java,overhead
java,timezon
java,dummi
java,movement
java,durat
java,pseudo
java,percent
java,tv
java,fruit
java,pow
java,winapi
java,dedic
java,alter
java,kb
java,dd
java,balanc
java,zoom
java,collaps
java,st
java,sz
java,act
java,aggreg
java,mongo
java,tier
java,larger
java,destroi
java,table2
java,affect
java,pa
java,corrupt
java,meant
java,conflict
java,train
java,preview
java,boot
java,ib
java,recv
java,wm
java,trait
java,svc
java,rad
java,overwrit
java,detach
java,volatil
java,lt
java,presum
java,strtotim
java,combo
java,watch
java,ping
java,fs
java,lib64
java,uninstal
java,toolbox
java,bring
java,depart
java,vote
java,hiya
java,textview
java,wide
java,squar
java,msi
java,emb
java,portion
java,deliveri
java,camera
java,hwnd
java,score
java,scm
java,cultur
java,eras
java,name1
java,ab
java,colour
java,todai
java,love
java,nib
java,descend
java,trai
java,subscrib
java,arbitrari
java,canon
java,blue
java,form1
java,hdc
java,paus
java,mouseov
java,wnd
java,recogn
java,bigger
java,dirti
java,edg
java,regexp
java,filesystem
java,c2
java,nr
java,armv6
java,smaller
java,imagin
java,utf8
java,onchang
java,fastcgi
java,propag
java,notepad
java,desc
java,gl10
java,race
java,independ
java,reserv
java,ic
java,clarifi
java,mysqli
java,prev
java,newlin
java,codeplex
java,av
java,expr
java,uk
java,transpar
java,wast
java,aa
java,conveni
java,wasn
java,ie7
java,seo
java,pub
java,storyboard
java,c1
java,dbm
java,h1
java,long
java,lon
java,ship
java,footer
java,gmail
java,probabl
java,social
java,var2
java,userid
java,travers
java,mean
java,acceler
java,tricki
java,msdn
java,greater
java,reproduc
java,method2
java,concat
java,album
java,explod
java,insight
java,highli
java,ti
java,xyz
java,heavi
java,dt
java,toolbar
java,broken
java,endl
java,readabl
java,anchor
java,illustr
java,t2
java,sec
java,increas
java,rs
java,isset
java,activerecord
java,usabl
java,typedef
java,traffic
java,green
java,classroom
java,assumpt
java,uncheck
java,propos
java,2nd
java,tradit
java,postback
java,keypress
java,ep
java,challeng
java,nl
java,matlab
java,resiz
java,table1
java,legal
java,maximum
java,comma
java,room
java,queryabl
java,reusabl
java,nullabl
java,subscript
java,item1
java,worksheet
java,ret
java,draggabl
java,claim
java,hopefulli
java,permut
java,inspect
java,vst
java,hous
java,verbos
java,firstnam
java,neutral
java,iv
java,playlist
java,r2
java,investig
java,aaa
java,polymorph
java,dy
java,comprehens
java,tip
java,cleanup
java,exercis
java,principl
java,john
java,watcher
java,gtk
java,ostream
java,bmp
java,sencha
java,radiu
java,baz
java,ï¿½â‚¬â„¢
java,banner
java,fx
java,elem
java,fish
java,sqlite3
java,ns2
java,fake
java,yield
java,fresh
java,flat
java,david
java,messeng
java,star
java,calc
java,harder
java,mob
java,textfield
java,vari
java,ie6
java,t1
java,stderr
java,van
java,silli
java,nosql
java,mid
java,php5
java,gestur
java,e1
java,lcd
java,hostnam
java,pastebin
java,fn
java,breakpo
java,bootstrap
java,lo
java,matrix
java,equat
java,nick
java,suffix
java,geo
java,pagin
java,parenthes
java,opera
java,atom
java,prog
java,payment
java,extent
java,studi
java,lastnam
java,daili
java,accordion
java,insensit
java,jsbin
java,imgur
java,precis
java,white
java,suitabl
java,plot
java,var1
java,accommod
java,benefit
java,blur
java,realloc
java,mem
java,sticker
java,rid
java,doesnt
java,dojo
java,alias
java,field1
java,cord
java,homework
java,test2
java,seri
java,blend
java,transport
java,coordin
java,zero
java,mailer
java,decis
java,bui
java,qualifi
java,ss
java,mon
java,resp
java,corner
java,compos
java,rw
java,dbo
java,scalar
java,cart
java,reliabl
java,dock
java,variant
java,intens
java,thumb
java,mpi
java,mce
java,gist
java,arial
java,expens
java,middl
java,scrape
java,doubt
java,eq
java,weak
java,favorit
java,flexibl
java,ctrl
java,getjson
java,router
java,redund
java,lab
java,box1
java,flavor
java,rank
java,ancestor
java,sensor
java,manner
java,portabl
java,gap
java,readonli
java,possibl
java,mm
java,scrollview
java,emp
java,mesh
java,opac
java,mess
java,randomli
java,grep
java,qualiti
java,asihttp
java,robot
java,ddl
java,averag
java,bare
java,upper
java,credit
java,vimrc
java,jqueryui
java,respect
java,shadow
java,rectangl
java,stdio
java,ban
java,everytim
java,tweet
java,goto
java,distinguish
java,arg2
java,matcher
java,black
java,datasourc
java,bandwidth
java,wise
java,newbi
java,past
java,minor
java,transit
java,occurr
java,contribut
java,wp
java,est
java,capac
java,zone
java,understood
java,redi
java,al
java,quantiti
java,lv
java,castl
java,pg
java,exchang
java,ascx
java,ugli
java,gs
java,unload
java,quit
java,imposs
java,inact
java,know
java,rake
java,sensit
java,leaf
java,gt
java,mp
java,stick
java,occup
java,tweak
java,listbox
java,greatli
java,ipc
java,h3
java,blah
java,school
java,equiv
java,hg
java,facet
java,subqueri
java,consider
java,dn
java,constraint
java,infinit
java,activex
java,setopt
java,distanc
java,aw
java,invari
java,pt
java,cin
java,datatyp
java,health
java,monei
java,lng
java,caption
java,partner
java,visitor
java,dog
java,grai
java,vertex
java,eventu
java,hl
java,purchas
java,rand
java,paper
java,clearli
java,da
java,amzn
java,resid
java,ï¿½ï¿½
java,reachabl
java,perfect
java,bold
java,ago
java,profession
java,coord
java,gdi
java,md
java,pragma
java,sed
java,currenc
java,curlopt
java,amp
java,ar
java,innerhtml
java,gain
java,slot
java,svg
java,sell
java,wall
java,band
java,homepag
java,curr
java,nav
java,dl
java,shorter
java,presenc
java,subview
java,angl
java,shine
java,bill
java,as3
java,xhtml1
java,subset
java,roll
java,s3
java,bla
java,addition
java,perspect
java,resolut
java,ef4
java,lp
java,ffffff
java,plenti
java,prior
java,df
java,dword
java,speak
java,il
java,system32
java,micro
java,alphabet
java,field2
java,nvarchar
java,file1
java,sqrt
java,eoi
java,toplay
java,discov
java,cb
java,awesom
java,truncat
java,ln
java,ultim
java,cnt
java,iostream
java,checksum
java,straight
java,viewport
java,whitespac
java,sentenc
java,vat
java,pai
java,codeproject
java,wildcard
java,grow
java,tex
java,wav
java,minimum
java,promot
java,uml
java,struggl
java,street
java,ob
java,bag
java,jq
java,higher
java,backward
java,fo
java,scrollbar
java,slash
java,concaten
java,mapper
java,closest
java,wont
java,lose
java,scene
java,hh
java,px
java,placement
java,adjust
java,portrait
java,simultan
java,pain
java,decent
java,dx
java,milli
java,preserv
java,status
java,fp
java,lack
java,gen
java,vt
java,superview
java,drawn
java,5px
java,orang
java,frequenc
java,style4
java,sequenti
java,multipart
java,brace
java,programat
java,opaqu
java,forget
java,expert
java,ur
java,recipi
java,satisfi
java,elimin
java,surpris
java,brush
java,ma
java,loc
java,tid
java,lowest
java,bg
java,subtract
java,sibl
java,arithmet
java,bet
java,dg
java,mc
java,pk
java,sel
java,forgot
java,heard
java,trip
java,pend
java,meet
java,landscap
java,tran
java,pivot
java,neg
java,deep
java,newli
java,fly
java,ly
java,cut
java,strong
java,ns1
java,rmr
java,incorrectli
java,brand
java,legend
java,pd
java,bracket
java,dash
java,sit
java,nt
java,biggest
java,arrow
java,tue
java,dw
java,specifi
java,dismiss
java,s1
java,impact
java,asc
java,frequent
java,latenc
java,told
java,nbsp
java,dyyyi
java,degre
java,right
java,arriv
java,getdat
java,palett
java,friendli
java,usual
java,prove
java,dec
java,2f
java,mapi
java,partit
java,bullet
java,handi
java,file0
java,clip
java,stretch
java,percentag
java,boundari
java,impli
java,avg
java,ax
java,highest
java,robust
java,basi
java,139px
java,gmt
java,stand
java,f1
java,rank1
java,submiss
java,pod
java,sid
java,stdin
java,medium
java,yyyi
java,aspnet
java,cheer
java,pie
java,in
java,mount
java,till
java,angela
java,sword
java,0m
java,strlen
java,extrem
java,rank0
java,detector
java,c3
java,notat
java,fundament
java,rh
java,scalabl
java,t4
java,form2
java,ra
java,wire
java,si
java,dual
java,penguin
java,fk
java,wors
java,p1
java,overlap
java,xx
java,wchar
java,kwarg
java,annoi
java,thick
java,aimt
java,gender
java,productid
java,gv
java,tb
java,spent
java,list1
java,synonym
java,proce
java,viewmodel
java,divis
java,outlet
java,rn
java,potenti
java,disposit
java,nasa
java,trail
java,pid
java,inform
java,valign
java,ï¿½â‚¬â€œ
java,foobar
java,ac
java,vendor
java,cmp
java,stori
java,isbn
java,mandatori
java,hyperlink
java,idx
java,loos
java,f2
java,0f
java,swipe
java,hear
java,radar
java,revert
java,vista
java,ton
java,hundr
java,backslash
java,mainten
java,esb
java,fashion
java,intersect
java,nth
java,a2
java,spend
java,list2
java,a1
java,p2
java,telerik
java,hasn
java,ahead
java,delta
java,paragraph
java,b2
java,flip
java,1st
java,art
java,invest
java,yellow
java,enforc
java,ten
java,east
java,keystrok
java,mov
java,shop
java,bs
java,disappear
java,winfx
java,risk
java,paddl
java,gather
java,s2
java,eas
java,spread
java,countdown
java,solid
java,tini
java,hr
java,awk
java,clipboard
java,100px
java,ey
java,chosen
java,cube
java,bother
java,col1
java,datagrid
java,favicon
java,fraction
java,bank
java,col2
java,feedback
java,eax
java,latitud
java,hobbi
java,minu
java,preced
java,millisecond
java,substitut
java,frm
java,assist
java,0px
java,jump
java,genr
java,wheel
java,d1
java,thousand
java,demand
java,utc
java,bob
java,effort
java,axi
java,smooth
java,suffici
java,combobox
java,bb
java,half
java,d2
java,estim
java,popov
java,trade
java,sdescr
java,dp
java,fall
java,tom
java,value2
java,meter
java,t3
java,10px
java,200px
java,1px
java,loss
java,20px
java,querystr
java,14px
