zoom,2323
zone,2026
zip,2575
zero,1397
zend,2427
za,1460
z0,1737
yyyi,1488
youtub,1887
yield,2157
yellow,1133
year,2719
yahoo,1981
xyz,2143
xxx,2255
xx,1710
xslt,2107
xsl,2561
xsi,1466
xsd,2279
xs,1912
xpath,1523
xp,1670
xmln,2182
xmlhttp,2173
xml,2826
xl,1571
xib,1866
xhtml1,435
xhtml,2074
xerc,888
xcode,2243
xampp,1102
xaml,2614
x86,2014
x64,858
wx,2129
wsgi,929
wsdl,2006
ws,1735
wrote,2350
wrong,2792
written,2712
writer,2497
write,2833
wrapper,2681
wrap,2702
wpf,2655
wp7,1543
wp,1436
wouldn,2286
worth,2004
wors,1325
worri,2164
workspac,1951
worksheet,1374
workflow,1925
worker,2497
workbook,1652
workaround,2077
work,2850
wordpress,2374
word,2691
wont,1144
wonder,2634
won,2720
wnd,1836
wm,1854
wizard,1553
wise,334
wire,287
winfx,465
winform,1666
window,2835
winapi,1304
win32,1937
win,2095
will,2847
wildcard,1279
wikipedia,1512
wiki,2523
width,2719
widget,2703
wide,1882
whitespac,1122
white,1837
wheel,732
well,2820
weird,1807
weight,2295
week,2375
webview,1775
websit,2778
webservic,2221
webserv,1520
webpag,2052
weblog,1913
webkit,1873
webform,1389
webapp,1886
web,2839
weather,1857
weak,1180
wchar,440
wcf,2509
wav,1157
waugh,116
watcher,1598
watch,1958
wast,1410
wasn,1809
warn,2624
war,1912
want,2543
wall,1967
walk,1921
wait,2673
wai,2630
w3school,1603
w3c,1444
w3,1565
vt,1531
vst,1683
vs2010,1801
vote,2381
volum,1865
volatil,1559
vm,2298
visual,2745
vista,670
visitor,1475
visit,2098
visibl,2722
virtual,2731
violat,1488
vimrc,1216
vim,2179
viewport,1743
viewmodel,994
viewer,2177
view1,1960
view,2839
video,2756
vi,1821
vertic,1995
vertex,391
version,2836
verifi,2444
verif,1246
verbos,1549
vendor,887
vehicl,1701
vector,2629
vec,1698
ve,2837
vc,1705
vba,1198
vb6,1784
vb,2455
vat,864
variant,1300
variabl,2823
vari,1633
varchar,2292
var2,1135
var1,1313
var,2826
van,1695
valv,1351
value2,400
valu,2811
valign,1215
valid,2829
val,2689
vaadin,1600
v4,809
v3,1672
v2,2016
v1,2023
util,2747
utf8,1914
utf,2621
utc,878
usual,1109
usr,2379
usernam,2726
userid,2066
user,2846
usb,814
usag,2551
usabl,336
urllib2,1463
urlencod,1259
url,2830
uri,2692
ur,2073
upper,1755
upload,2765
upgrad,2176
updat,2842
unsign,2100
unmarshal,1034
unmanag,1716
unlock,2022
unload,1724
unknown,2444
unix,2320
univers,1191
unit,2742
uniqu,2694
union,1992
uninstal,554
unicod,2523
unhandl,1447
unexpect,1548
understood,751
understand,2777
underli,1937
undefin,2555
uncheck,818
unbind,1463
unabl,2308
uml,1374
ultim,1391
ul,2550
uk,1904
uid,2117
ui,2802
ugli,1706
udp,789
ubuntu,1956
typic,2235
typeof,2506
typenam,2004
typedef,2193
type,2845
txt,2642
tx,1391
twitter,2522
tweet,1587
tween,1382
tweak,1727
tv,1787
tutori,2649
turn,2709
tupl,2115
tune,1191
tue,876
tt,1714
tsql,1425
trust,1797
trunk,2261
truncat,882
true,2824
troubl,2292
trivial,1790
trip,1294
trim,2474
trigger,2688
tricki,1660
trick,2451
treeview,1742
tree,2752
treat,2235
travers,1169
transport,1287
transpar,2058
translat,2628
transit,1927
transform,2632
transfer,2469
transact,2665
tran,1301
trait,1775
train,1747
trail,443
trai,1821
traffic,1809
tradit,1095
trade,769
track,2715
trace,2669
tr,2513
touch,2649
total,2722
toplay,1549
topic,2556
top,2783
tooltip,2208
toolkit,2129
toolbox,1358
toolbar,2079
tool,2790
ton,861
tomcat,2334
tom,1430
told,1288
token,2698
toggl,2458
todo,2172
todai,2095
toast,1935
tmp,2509
tm,1434
titl,2789
tip,1826
tinymc,1937
tini,206
timezon,2120
timestamp,2613
timer,2640
timeout,2604
time,2847
till,1297
tile,1770
tier,1562
tid,1113
ticket,1758
tick,1936
ti,1134
thumbnail,2211
thumb,2209
thrown,1776
throw,2692
three,2677
thread,2814
thousand,277
thought,2659
third,2639
think,2525
thing,2831
thick,916
theori,945
theme,2423
tful,754
tf,1675
textview,1543
textur,2243
textio,1480
textfield,1608
textbox,2423
textarea,2188
text,2839
tex,668
test2,1124
test1,1937
test,2849
termin,2517
term,2550
ten,1216
temporari,2183
templat,2816
temp,2589
tell,2338
telerik,1661
technolog,2062
techniqu,2100
technic,1669
team,2384
teacher,1925
td,2579
tcp,2244
tbl,2125
tb,1502
taxi,2209
task,2793
target,2808
tap,1623
talk,2383
take,2691
tail,1274
tag,2819
table2,1399
table1,1940
tabl,2830
tab,2761
t4,1289
t3,1196
t2,2194
t1,2140
sz,1641
system32,1231
system,2837
synthes,1716
syntax,2697
synonym,1506
synchron,2621
sync,2339
symfoni,1363
symbol,2552
sy,2372
swt,1351
sword,406
switch,2723
swipe,1344
swing,2250
swf,2369
swap,2130
sw,1902
svn,2637
svg,1094
svc,1627
suspend,1270
suspect,1758
surpris,1232
surfac,1988
suppress,1039
suppos,2648
support,2803
suppli,1994
superview,1343
superclass,1543
super,2489
sun,2159
summari,2651
sum,2551
suitabl,970
suit,1928
suggest,2767
suffix,757
suffici,1146
sudo,1194
success,2718
subview,1636
subvers,2159
subtract,1595
substr,2472
substitut,994
subset,1459
subsequ,1485
subscript,1455
subscrib,2003
subqueri,1147
subprocess,1601
submit,2723
submiss,1277
subject,2539
subdomain,1440
subclass,2527
stylesheet,2201
style4,1216
style,2799
stupid,1491
stuff,2756
studio,2615
studi,1698
student,1923
stuck,1920
stub,1905
struggl,1044
structur,2776
struct,2634
strtotim,1766
strong,1969
stroke,1772
strlen,1626
strip,2289
string,2846
strict,2044
stretch,1252
street,1889
stream,2787
strategi,2216
strang,1852
straightforward,1500
straight,1440
str,2761
storyboard,1654
stori,1759
store,2820
storag,2550
stop,2057
stock,1961
stl,1518
sticker,1740
stick,1405
step,2771
stdout,1617
stdio,661
stdin,1230
stderr,1594
std,2672
status,1840
statu,2795
statist,1697
static,2214
statement,2755
state,2822
stat,2413
startup,2193
start,2847
star,1822
standard,2792
standalon,1127
stand,1381
stai,1953
stage,2373
stackoverflow,2425
stack,2767
stabl,1624
st,2118
ssl,2233
ssh,2264
ss,1316
src,2707
squar,1852
sqrt,111
sqlite3,1533
sqlite,2136
sql,2813
sq,2140
sprite,2313
springframework,2092
spring,2528
spreadsheet,1823
spread,294
spot,1655
split,2734
spinner,1539
spent,1000
spend,885
speed,2351
specifi,1205
specif,2823
special,2688
spec,2529
speak,711
spatial,1303
span,2684
space,2758
sp,2359
south,1433
sourceforg,1720
sourc,2836
soup,1408
sound,2685
sortabl,1770
sort,2806
solv,2734
solut,2828
solr,1770
solid,736
softwar,2582
soft,1190
socket,2736
sock,862
social,1354
soap,2475
snippet,2497
snapshot,1577
smtp,1663
smooth,757
smarti,1534
smart,1650
smaller,2172
small,2727
sm,2337
slug,1742
slower,1509
slow,2549
slot,1586
slider,2377
slide,2449
slice,2090
sleep,2142
slash,1652
skip,2407
skin,1388
sizeof,2046
size,2812
situat,2466
site,2826
sit,1472
singleton,2346
singl,2804
sin,419
simultan,282
simul,2184
simplifi,2227
simpli,2794
simplest,2049
simpler,1566
simpl,2828
silverlight,2543
silli,895
signatur,2221
signal,2265
sign,2679
side,2757
sid,886
sibl,1751
si,1334
shutdown,1205
shuffl,1323
show,2478
shouldn,2455
shot,1300
shorter,1383
shortcut,1987
short,2621
shop,748
ship,2060
shine,1058
shift,1781
shell,2688
sheet,2401
sharp,2065
sharepo,1754
share,2815
shape,2357
shadow,1805
sha1,1420
sha,1063
sh,1423
sf,2078
sever,1269
setup,2691
setter,2475
setopt,1082
set,2853
session,2808
servlet,2493
servic,2829
server,2846
serv,2471
serializ,2061
serial,2736
seri,2148
sequenti,1876
sequenc,2603
seq,1943
seper,1676
separ,2787
seo,1636
sentenc,1508
sensor,805
sensit,1587
sens,2645
sender,2575
send,2810
sencha,1335
semant,1733
sell,1519
selenium,1979
selector,2688
select,2832
sel,1486
segment,2503
seek,1499
see,953
sed,1158
secur,2772
section,1997
secret,2111
second,2836
sec,1523
search,2824
se,1886
sdl,944
sdk,2620
sdescr,967
sd,1441
scrollview,1227
scrollbar,1238
scroll,2677
script,2831
screenshot,1998
screen,2785
scratch,1507
scrape,1699
score,2380
scope,2707
scm,1292
school,1570
scheme,2511
schema,2663
schedul,2569
scene,1232
scenario,2521
scanner,1491
scan,2186
scale,2496
scalar,1395
scalabl,1606
scala,2335
sc,1178
sb,1915
sax,1288
save,2812
satisfi,630
sandbox,1729
sampl,2781
salt,2260
sale,1969
safe,2523
safari,1795
sa,1603
s3,2116
s2,1430
s1,1462
rw,1309
rvm,1897
runtim,2734
runner,1967
runnabl,1890
runat,2173
run,2792
rule,2731
ructor,2673
ruct,2438
rubyonrail,1614
rubygem,1518
rubi,2767
rss,2311
rsa,1452
rs,1686
rpc,1593
row,2810
routin,1918
router,1884
rout,2758
round,2384
rotat,2303
root,2755
room,2204
roll,1855
role,2611
robust,1174
robot,596
rn,1495
rmr,1419
risk,1220
right,1036
rid,1543
rich,2150
rh,1022
rgb,1449
rewrit,2599
revis,2189
review,1946
revert,1344
revers,2197
rev,1473
reusabl,1626
reus,2180
return,2821
retriev,2733
retain,2268
ret,2079
resum,1474
result,2835
restrict,2422
restor,2116
restart,2223
rest,2705
respons,2803
respond,2587
respect,1773
resp,1667
resourc,2816
resolv,2665
resolut,1689
resiz,2417
resid,1564
reset,2579
reserv,1633
requir,2835
request,2833
req,2186
reproduc,1043
represent,1981
repres,2595
repositori,2755
report,2773
repo,2237
replic,1895
repli,2258
replac,2795
repeat,2542
render,2780
renam,2212
remov,2814
remot,2719
rememb,2521
remain,2393
reload,2359
reliabl,1432
reli,1891
relev,2392
releas,2779
relationship,2490
relat,2428
rel,2806
reject,1669
regular,2673
registri,2342
registr,2218
regist,2746
region,2364
regexp,1602
regex,2667
reg,2251
refresh,2552
refman,1534
reflect,2553
referenc,2494
refer,2832
refactor,1652
redund,1240
reduc,2279
redirect,2739
redi,1389
red,2375
recycl,1662
recv,1527
recurs,2456
rectangl,2095
rect,2403
recreat,1996
record,2780
recommend,2732
recogn,2207
recipi,1678
receiv,2786
rec,1538
reason,2793
realloc,1398
realiz,2092
real,2716
readonli,1814
readi,2549
reader,2586
readabl,2042
read,2835
reachabl,1158
reach,2075
re,2523
rdf,1836
rc,1184
rb,2445
razor,1147
raw,2402
ratio,637
rate,2350
rank1,1340
rank0,1348
rank,2370
rang,2704
randomli,1317
random,2705
rand,1616
ram,1667
rake,548
rais,2230
raint,2084
rail,2737
radiu,1659
radio,2378
radar,868
rad,1728
race,1238
ra,1623
r2,1475
quot,2610
quit,935
quick,2383
queue,2695
question,2842
querystr,729
queryabl,1506
queri,2833
quartz,1403
quantiti,1661
qualiti,1991
qualifi,1553
qt,2336
python,2796
py,2551
px,1367
put,2529
push,2754
purpos,2646
pure,2287
purchas,1311
pump,1164
pull,2570
publish,2480
public,2829
pub,1576
ptr,2601
pthread,1805
pt,1187
pseudo,1447
ps,2269
proxi,2665
provid,2819
prove,1109
prototyp,2297
protocol,2547
protect,2698
propos,1310
properti,2831
properli,2713
proper,2434
propag,1096
prop,2089
proof,364
prompt,1778
promot,672
prolog,943
project,2833
progress,2649
programmat,2210
programm,2015
programat,663
program,2834
prog,1726
profil,2755
profession,473
productid,1553
product,2822
produc,2577
processor,2450
process,2825
procedur,2646
proce,288
proc,2260
problem,2843
probabl,426
pro,1411
privileg,1830
privat,2815
prioriti,1911
prior,1510
println,2565
printf,2276
print,2770
principl,1616
princip,1900
primit,2245
prime,1063
primari,2477
price,2610
previou,2681
preview,2014
prevent,2523
prev,2121
pretti,2745
presum,1535
press,2690
preserv,1227
present,2494
presenc,1207
preprocessor,1476
prepar,2029
preg,2224
prefix,2456
prefer,2776
pref,2136
predic,2300
precis,1850
preced,1168
pre,2530
pragma,1244
practic,2609
pr,2728
powershel,870
power,2430
pow,1193
potenti,745
postgresql,2123
postback,1504
post,2831
possibl,1739
posix,1850
posit,2791
portrait,1069
portion,1861
portal,1699
portabl,1274
port,2740
popup,2530
popular,1225
popul,2584
popov,986
pop,2407
pool,2400
pom,1537
polymorph,1300
poll,2058
polici,2205
pojo,1695
pointer,2748
point,2814
pod,1487
poco,1705
po,2818
png,2603
pm,1871
plugin,2782
plug,835
plot,1485
plist,1937
plenti,924
playlist,1706
player,2719
platform,2618
plan,2387
plain,2530
plai,2702
placement,1381
placehold,1526
place,2787
pl,1900
pk,1991
pixel,2482
pivot,1442
pipelin,866
pipe,2019
ping,1235
pin,1650
piec,2329
pie,1436
pid,551
pictur,2571
picker,2250
pick,2461
pi,1353
physic,1540
php5,1001
php,2840
photo,2566
phone,2803
phase,1691
pg,1162
perspect,1402
person,2761
persist,2584
permut,1203
permiss,2683
perl,2402
period,2089
perform,2803
perfectli,1905
perfect,1510
percentag,1332
percent,1232
peopl,2716
penguin,255
pend,1855
peer,959
pdo,1517
pdf,2663
pd,1352
pcap,1218
pc,2133
payment,1907
paus,1968
pattern,2761
path,2838
patch,2293
pastebin,1377
past,2281
password,2751
passeng,876
pass,2821
partner,2030
partit,1858
partial,2604
parti,2350
part,2625
parser,2691
pars,2802
parenthes,275
parent,2759
paramet,2813
param,2777
parallel,1932
paragraph,1386
paper,1499
panel,2695
pane,1857
palett,1051
pair,2558
paint,2101
pain,1565
pai,1713
pagin,2258
page,1816
paddl,549
pad,2655
packet,2127
packag,2731
pack,2113
pa,1490
p2,1782
p1,1535
owner,2137
overwrit,1784
overview,1507
overrid,2714
overload,2105
overlap,1726
overlai,2412
overhead,1892
overflow,2349
output,2810
outlook,1862
outlet,1209
outer,2201
osx,1881
ostream,1141
os,2736
orm,1999
origin,2811
orient,2443
organ,2347
org,2648
order,2825
orang,1557
oracl,2487
option,2839
optim,2588
opt,2123
opinion,1524
opera,1583
oper,2812
openssl,1703
openjdk,1188
openid,1995
opengl,2064
opencv,1840
open,2833
opaqu,1389
opac,1697
op,2193
oop,1593
oo,1133
onload,1976
onlin,2317
onclick,2323
onchang,1064
older,1839
ol,1916
offset,2539
offlin,1082
offici,1789
offic,2338
offer,2125
odd,1791
odbc,915
occurr,1259
occur,2629
occup,1869
obviou,1911
observ,2568
object,2849
objc,1571
obj,2729
obfusc,1508
ob,1584
oauth,2201
nvarchar,1505
numer,2424
number,2833
num,2571
nullabl,1881
null,2824
nth,853
nt,988
nsxml,1298
nsurl,1967
ns2,1147
ns1,1325
ns,2790
nr,1264
notifi,2487
notif,2592
notic,2653
notepad,1767
note,2818
notat,1748
nosql,1530
north,1327
normal,2760
nokia,1334
nofollow,2827
node,2809
nl,1546
nil,2645
nick,1706
nice,2554
nib,2063
ni,1291
nhibern,1638
nginx,1158
newlin,1690
newli,985
newer,811
newbi,890
new,2550
neutral,1121
network,2699
netbean,2023
net,2830
nest,2503
neg,1672
need,2751
nc,1221
nbsp,1784
navig,2739
nav,1962
natur,1838
nativ,2690
nasa,1051
namespac,2726
name1,1567
name,2803
myusernam,1466
mysqli,1630
mysql,2785
mysit,1929
mydomain,1337
mx,1939
mvvm,2152
mvc,2732
mv,1270
mutex,1689
mutabl,2165
music,1457
multithread,2024
multipli,1902
multipl,2801
multipart,1742
multi,2596
msi,1177
msg,2543
msdn,1716
mscorlib,1342
ms,2647
mpi,1392
mp3,1889
mp,1415
mozilla,1746
movi,2573
movement,1200
move,2789
mov,1264
mouseov,1503
mous,2629
mount,478
motion,1245
mortbai,1423
month,2538
mono,2105
monitor,2693
mongodb,1937
mongo,1454
monei,1999
mon,1536
moment,2124
mojo,1393
modul,2786
modifi,2784
modif,2074
modern,1549
model,2827
mode,2791
modal,2368
mod,2340
mock,2399
mobil,2570
mob,1378
mm,1355
mk,1234
mix,2222
mistak,1516
miss,2722
minut,2595
minu,301
minor,1503
minimum,1800
minim,2190
mine,2134
mind,2319
min,2555
mime,2287
millisecond,1258
milli,1435
migrat,2392
middl,2193
mid,1672
microsoft,2540
micro,560
mic,1607
mfc,1420
metric,1413
method2,1699
method1,1820
method,2835
meter,444
metadata,2432
meta,2488
messeng,1504
messag,2835
mess,1832
mesh,1335
merg,2539
mercuri,1862
menu,2786
mention,2700
memori,2794
membership,2338
member,2689
mem,1239
mef,1444
meet,1850
medium,1009
media,2688
mechan,2130
measur,2215
meant,1862
mean,2103
md5,2191
md,1506
mce,1313
mc,1794
mb,2122
maze,1745
maximum,1876
max,2735
maven,2262
matter,2632
matrix,2339
matlab,1301
math,2588
materi,1862
matcher,1394
match,2800
master,2686
mask,2115
marshal,2483
markup,2471
market,1599
marker,2203
markdown,1704
mark,2593
margin,2291
mapper,1611
mapi,808
map,2834
manufactur,1494
manual,2745
manner,1602
manipul,2448
manifest,2055
mandatori,853
manag,2823
man,1673
malloc,1985
makefil,1476
make,2672
major,1866
mainten,1864
maintain,2462
main,2832
mailer,1744
mail,2740
magic,2206
magento,1824
macro,2179
machin,2728
mac,2635
ma,1041
ly,1242
lv,1801
luck,2046
lucen,1839
lt,2048
lst,1988
ls,2472
lp,1859
lowest,738
lower,2447
low,2046
love,1172
lot,2790
lost,2119
loss,1150
lose,1845
loos,1197
loop,2785
lookup,2477
look,2259
long,2327
lon,1064
logout,1902
logo,1735
login,2790
logic,2735
logger,2064
log4j,1724
log,2823
lock,2723
locat,2824
localhost,2525
local,2815
loc,1577
loader,2494
load,2833
lo,1626
lng,1471
ln,1398
llvm,1516
ll,2821
live,2653
liter,1733
lite,2321
listview,2003
listen,2746
listbox,1965
list2,1450
list1,1671
list,2842
lisp,1694
linux,2644
linq,2657
linker,1369
link,2840
linear,2437
line,2724
limit,2771
light,2363
lifetim,1087
lifecycl,1802
life,1910
licens,2169
librari,2810
lib64,189
lib,2563
li,2649
lg,1381
level,2788
letter,2274
leopard,1135
length,2755
len,2160
legend,1503
legal,1601
legaci,1625
left,2761
leav,2456
learn,2576
leak,2209
leaf,1210
lead,1994
ld,707
lcd,1023
lbl,1810
lazi,1920
layout,2754
layer,2705
launcher,1772
launch,2524
latitud,717
latest,2308
latenc,185
lat,1828
lastnam,1568
larger,2117
larg,2724
languag,2811
lang,2502
landscap,1318
lambda,2023
lack,476
label,2765
lab,1396
la,78
kwarg,473
knowledg,2015
know,1850
kit,2201
kind,2749
kill,1985
keyword,2580
keystrok,1048
keypress,1284
keyboard,2400
kernel,2365
kei,2836
keep,1880
kb,2004
jvm,1276
junit,1336
jump,1396
jsp,2464
jsonp,1546
json,2783
jsfiddl,1441
jsf,2180
jsbin,1439
js,2782
jre,1490
jqueryui,1474
jqueri,2777
jq,1539
jpg,2473
jpeg,1869
jpa,1769
journei,1764
joomla,1018
join,2741
john,1906
joe,1076
job,2691
jni,1294
jm,869
jetti,1633
jdk,961
jdbc,2241
jboss,1924
jaxb,1495
javax,2332
javascript,2822
javas,1156
javae,1158
javadoc,1845
java,2834
jar,2582
jan,2021
j2me,1626
iv,1308
iter,2725
item1,1489
item,2814
issu,2823
isset,1911
isol,2060
iso,2142
isn,2787
isbn,285
irb,1571
iphon,2739
ipc,717
ipad,1694
ip,2593
iostream,1592
ioc,1306
io,2751
involv,2067
invok,2710
invoic,2201
invoc,1696
investig,736
invest,1293
invari,1355
invalid,2712
introduct,1950
introduc,2063
interv,2412
intersect,1452
interrupt,1482
interpret,2403
interop,1094
internet,2500
intern,2754
interfac,2800
interest,2668
intercept,1072
interact,2430
intent,2651
intens,1569
intend,2188
intel,1147
integr,2532
integ,2733
int32,2387
int,2782
instrument,2173
instruct,2317
instanti,2447
instanc,2816
instal,2751
inspect,1173
insight,1473
insid,2778
insert,2779
insensit,1615
input,2821
innodb,2002
innerhtml,2011
inner,2685
inlin,2472
inject,2569
initi,2803
init,2752
ini,1868
inherit,2686
ing,1871
inform,1413
info,2819
inflat,2001
infinit,1315
inf,1708
inet,1312
individu,2312
indic,2667
index,2521
independ,1877
indent,2147
increment,2369
increas,2103
incorrectli,1481
incorrect,2183
incom,1495
includ,2838
inact,1817
in,1167
improv,2163
imposs,1597
import,2805
implicitli,1219
implicit,1816
impli,1440
implement,2825
impl,2578
impact,960
immut,2035
imgur,967
img,2740
imagin,1633
imag,2839
illustr,1390
illeg,1683
il,1717
ii,2390
ignor,2578
ifram,2580
ie8,1322
ie7,1497
ie6,1689
idx,1207
idl,1593
identifi,2714
ident,2694
ideal,2170
idea,2813
id,2691
icon,2659
ic,1658
ibm,1466
ib,2086
ï¿½ï¿½,1855
ï¿½â‚¬ï¿½?,1645
ï¿½â‚¬ï¿½,2088
ï¿½â‚¬â€œ,911
ï¿½â‚¬â„¢,593
hyperlink,1309
hwnd,1446
hundr,971
human,818
huge,2242
hudson,1552
httpd,1689
http11,1008
http,2779
html5,2289
html,2846
htm,2108
htaccess,2098
href,2844
hr,1443
howto,1425
hover,2442
hous,2017
hour,2402
hot,1008
hostnam,1503
host,2774
horizont,2210
hopefulli,1800
hope,2696
hook,2487
honour,338
homework,1128
homepag,1513
holder,2242
hold,2644
hobbi,1321
hl,1034
hiya,1309
hit,2527
histori,2312
hint,1959
highlight,2249
highli,1498
highest,1254
higher,1437
high,2250
hierarchi,2188
hide,2663
hidden,2631
hibern,2725
hh,1333
hg,1567
hex,2249
heroku,1759
helper,2730
help,2835
hello,2714
height,2686
hei,1113
heavi,755
heard,1077
hear,326
heap,2174
health,1275
header,2817
head,2732
hdc,1568
haven,2568
hasn,1495
haskel,2057
hash,2779
harper,116
hardwar,1714
harder,1576
hard,2647
happi,1866
happen,2708
hang,1351
handler,2792
handl,2814
handi,974
hand,2623
half,1547
hack,2190
h3,1591
h2,1965
h1,2022
gzip,1371
gwt,2301
gv,1527
guidelin,1815
guid,2694
gui,2725
guess,2749
guarante,2146
gtk,1471
gt,1959
gs,904
grow,1479
group,2814
groovi,1628
gridview,1680
grid,2728
grep,1587
green,1875
greatli,1754
greater,1546
great,2565
graphic,2629
graph,2629
grant,1155
grammar,1590
grail,1830
grai,1354
gradient,1864
grab,2333
gpl,1533
gp,1227
goto,1518
googl,2783
good,2821
goal,2142
go,2790
gnu,1526
gmt,1367
gmail,1450
global,2724
glassfish,1498
gl10,358
gl,2073
github,2038
git,2601
gist,1719
gif,2180
gi,1167
getter,1983
getjson,1857
getdat,1569
gestur,1895
geometri,665
geocod,1286
geo,1559
genr,887
gener,2838
gender,1609
gen,1466
gem,2405
gdi,1047
gcc,2269
gc,2086
gb,1733
gather,1225
garbag,1668
gap,1350
game,2747
galleri,2399
gain,1228
gae,1051
fx,893
futur,2133
fundament,175
function,2847
func,2533
fun,1566
fulli,1953
full,2781
ftp,2384
fs,1640
fruit,1841
front,2329
frm,1142
friendli,1577
friend,2592
fresh,1560
frequent,1571
frequenc,556
free,2775
frank,343
framework,2787
frame,2784
fragment,2100
fraction,1315
fp,1704
foundat,1974
forward,2453
forum,2335
formula,1556
formatt,2294
format,2824
form2,1509
form1,2047
form,2839
fork,1467
forgot,1144
forget,1748
foreign,2081
foreground,1901
foreach,2725
forc,2521
footer,2131
foobar,1150
foo,2797
font,2717
follow,2485
folder,2774
focus,1515
focu,2500
fo,152
fn,1952
fly,985
flush,2155
fluent,1469
flow,2335
floor,995
float,2048
flip,1151
flexibl,1882
flex,2376
flavor,1733
flat,1746
flash,2684
flag,2710
fk,999
fixtur,1655
fix,2770
fit,2466
fish,1560
firstnam,1613
firefox,2512
firebug,2006
fire,2621
finish,2681
fine,2785
find,2845
final,2804
filter,2801
fill,2694
filesystem,1586
filenam,2623
file1,1735
file0,1348
file,2847
figur,2748
field2,1291
field1,1431
field,2820
fiddl,1838
fi,1390
ffffff,1056
fetch,2709
feel,2145
feedback,348
feed,2587
featur,2781
fd,1801
fc,1362
fb,2199
favorit,2153
favicon,1117
fault,1840
fatal,1638
faster,2467
fastcgi,1624
fast,2481
fashion,1336
faq,1682
fanci,1161
familiar,1797
famili,1674
fals,2822
fall,1190
fake,1639
fairli,1731
failur,2344
fail,2785
fade,2205
factori,2657
factor,2102
fact,2648
facet,1333
facelet,1580
facebook,2701
face,2518
f2,1033
f1,1698
ey,1028
extrem,1208
extract,2558
extra,2689
extern,2729
extent,1272
extens,2742
extend,2726
ext,2302
express,2801
expr,1555
expos,2378
export,2597
explor,2415
explod,1966
explicitli,2328
explicit,1752
explan,1801
explain,2610
expir,2497
expert,922
experienc,899
experi,2553
expens,1338
expect,2787
expand,2555
exp,1791
exiv2,1833
exit,2673
exist,2822
exif,1429
exercis,1667
executor,1886
execut,2813
exec,2267
exclus,1525
exclud,2024
exchang,1369
except,2811
excel,2686
exampl,2844
exactli,2720
exact,2421
ex,2603
evt,1469
everytim,1109
eventu,1699
event,2835
evelyn,338
evalu,2501
eval,2481
estim,1127
establish,1122
est,1518
essenti,2222
escap,2408
esb,606
es,1760
error,2844
err,2033
erlang,1020
erb,1749
eras,993
er,2437
equival,2556
equiv,1401
equat,957
equal,2723
eq,2137
ep,1553
eoi,1499
environ,2671
envelop,1778
env,2267
enumer,2693
enum,2426
entri,2789
entiti,2795
entir,2725
enterpris,1652
enter,2755
ensur,2594
english,1732
engin,2709
enforc,1096
endpoint,1449
endpo,851
endl,1993
endif,1716
end,2506
encrypt,2674
encount,1642
encod,2762
encapsul,1917
enabl,2781
en,2450
emul,2475
empti,2749
employe,2479
employ,1071
emp,1825
emerg,1144
embed,2503
emb,2155
email,2781
emac,1537
em,1865
elimin,1373
element,2824
elem,1900
eleg,1776
elaps,1583
el,2232
ejb,1135
effort,1341
effici,2520
effect,2517
ef4,1342
ef,1842
ee,1336
editor,2697
edit,2842
edg,1850
eclips,2660
echo,2776
eax,471
east,1101
easili,2697
easiest,1530
easier,2677
easi,2772
eas,1528
earlier,1713
earli,648
e2,1464
e1,1454
dyyyi,813
dynam,2783
dylib,1596
dy,791
dx,649
dword,1581
dw,1169
dvd,1534
durat,2300
duplic,2702
dump,2511
dummi,2093
dual,935
dtd,1593
dt,2144
dsp,1427
dsl,1253
ds,2460
drupal,2362
dropdown,2128
drop,2740
driver,2658
driven,1689
drive,2222
drawn,1158
drawabl,2280
draw,2733
draggabl,1961
drag,2518
dr,1990
dp,981
download,2785
doubt,1711
doubl,2116
dot,2086
dont,2462
don,2836
domain,2766
dom,2664
dojo,1511
dog,1355
doesnt,1702
doesn,2822
document,2837
doctyp,1805
doctrin,2114
dock,1075
doc,2778
do,1583
dn,1386
dll,2721
dl,1807
djangoproject,1816
django,2707
divis,1496
divid,2198
div,2768
distribut,2201
distinguish,808
distinct,2151
distanc,1871
dist,2042
disposit,1176
dispos,2464
displai,2826
dispatch,2522
dismiss,1581
disk,2445
discuss,1949
discov,970
disappear,1352
disabl,2644
dirti,1854
directori,2797
directli,2743
direct,2754
dir,2543
dimens,2373
dim,2562
digit,2337
digest,1586
difficult,2129
differ,2788
diff,2361
die,2029
didn,2641
dictionari,2749
dict,2332
dialog,2767
dialect,1068
diagram,1861
diagnost,1133
di,1503
dg,1898
df,1568
devis,1577
devic,2749
develop,2780
dev,2576
determin,2699
detector,1323
detect,2621
detail,2819
detach,1117
destructor,1376
destroi,2079
destin,2241
dest,1917
desktop,2413
desir,2443
design,2810
deseri,2062
descriptor,1931
descript,2738
describ,2577
descend,2030
desc,2163
deriv,2375
depth,2169
deprec,1606
deploy,2040
deploi,2459
depend,2815
depart,2054
deni,1717
demonstr,1683
demo,2414
demand,569
delta,1148
delphi,2229
deliveri,1622
delimit,2008
delet,2801
deleg,2758
delai,2269
degre,937
definit,2750
defin,2812
default,2832
def,2771
deep,1091
dedic,818
decrypt,2039
decor,1852
decod,2524
declar,2763
decis,600
decim,2458
decid,2479
decent,770
dec,1050
debugg,1957
debug,2763
dealloc,2003
deal,2689
dead,1437
de,2286
ddl,1963
dd,2032
dc,1782
dbo,1956
dbm,1377
db,2795
david,550
datetim,2411
datepick,2035
date,2514
datatyp,1097
datat,1755
datasourc,1499
dataset,1942
datagrid,1239
databas,2823
data,2850
dash,920
dao,1973
daili,1085
dai,2756
daemon,1458
da,1229
d2,875
d1,999
cygwin,1365
cycl,1894
cxf,1334
cv,2002
cut,1711
custom,2830
curv,1580
cursor,2649
current,2838
currenc,1375
curr,1607
curlopt,1510
curl,2432
curiou,1545
cur,1989
cultur,1539
cube,1012
ctx,1924
ctrl,2399
csv,2415
css,2776
cs,2555
crypto,1813
cross,2285
crop,1697
cron,1791
critic,1672
criteria,2282
credit,1119
credenti,2038
creator,2034
creation,2476
creat,2844
crash,2582
cpu,2075
cpp,2281
cp,1527
coyot,1301
cover,2446
cout,2133
court,121
cours,2769
coupl,2521
countri,2509
counter,2584
countdown,1355
count,2799
couldn,2099
cost,2006
corrupt,1546
correspond,2500
correctli,2710
correct,2786
corner,1807
core,2764
cord,1247
copi,2816
coordin,2316
coord2d,75
coord,1959
cool,1779
cooki,2732
convert,2813
convers,2575
convent,2197
conveni,1435
control,2841
contribut,466
contrib,1466
contract,2564
continu,2671
context,2820
content,2834
contain,2778
contact,2750
consum,2449
constructor,1791
constraint,1441
constant,1286
consol,2774
consist,2368
consider,1176
consid,2759
connector,1260
connect,2817
conn,2218
confus,2430
conform,1549
conflict,1953
confirm,2358
configur,2798
config,2756
conf,1472
condit,2728
cond,1777
concurr,2316
concret,1818
concern,2213
conceptu,1790
concept,2352
concaten,1556
concat,1676
con,2312
comput,2725
compress,2239
comprehens,930
composit,1969
compos,1278
compon,2809
complic,2260
compliant,1616
complex,2689
complet,2808
complain,806
compil,2794
compat,2440
comparison,2440
compar,2746
compani,2657
compact,997
comp,1424
commun,2627
common,2775
commit,2595
commerci,1098
comment,2788
command,2817
comma,1869
comm,1562
come,2064
combobox,1334
combo,2258
combin,2676
column,2804
colour,2177
color,2755
collis,1121
collin,49
collector,1464
collect,2798
collaps,1489
col2,1029
col1,1443
col,2415
codeproject,1381
codeplex,1728
codeignit,2144
codehau,1513
codec,1591
code,2848
cocoa,2317
cnt,1448
cn,1664
cmp,1157
cmd,2286
cm,2202
cluster,1944
clue,1596
clr,1929
cloud,1169
closur,2061
closest,1490
close,2818
clone,2550
clojur,2250
clock,1903
clipboard,1497
clip,1925
client,2835
clickabl,1689
click,2823
cli,1317
clearli,1177
clear,2760
cleanup,1601
cleaner,1644
clean,2531
claus,2306
classroom,1899
classpath,2237
classic,1275
class,2850
clarifi,1420
claim,1284
cl,2266
citi,2557
circl,2017
cipher,1578
cin,736
ci,1869
chunk,2421
chrome,2371
chosen,1281
choos,2680
choic,2635
children,2523
child,2762
cheer,669
checksum,1621
checkout,1822
checkbox,2575
check,2842
chat,2586
chart,2602
charset,2173
charact,2793
char,2716
chapter,1300
channel,2294
chang,2839
chanc,1875
challeng,1363
chain,1871
ch,1814
cgi,2178
cg,2190
cfg,1755
cf,2141
certif,2266
cert,931
central,1768
center,2598
cell,2682
ce,1155
cdata,1570
cd,2006
cc,2334
cb,1458
caus,2408
caught,833
categori,2745
catch,2705
catalog,2009
catalina,1484
cat,2310
castl,1650
cast,2700
case,2477
cascad,1987
cart,1956
care,2556
card,2439
car,2384
captur,2546
caption,1905
capac,1709
capabl,2156
cap,1617
canva,2633
cant,1895
canon,1289
candid,1835
cancel,2506
camera,2084
caller,1599
callback,2767
call,2845
calendar,2529
calcul,2696
calc,1835
cal,1581
cakephp,2094
cake,1095
cach,2792
c3,648
c2,1597
c1,1411
byte,2754
button1,1688
button,2813
busi,2633
bundl,2480
bunch,2068
bullet,970
built,2694
builder,2654
build,2819
bui,1707
bug,2628
buffer,2746
buff,1480
buf,1954
bucket,48
bu,1322
btw,1939
btn,2359
bs,1330
brush,1759
browser,2806
brows,2299
broken,1593
broadcast,1229
bring,1829
bridg,1490
breakpo,1709
break,2769
brand,1203
branch,2447
bracket,1259
brace,864
br,2681
box1,1764
box,2800
boundari,1347
bound,2588
bottom,2547
bother,1093
bot,61
boss,1694
border,2507
bootstrap,1351
boot,1446
boost,2639
boolean,2700
bool,2718
bookmark,1821
book,2776
bold,2046
bodi,2780
bob,1375
board,2221
bmp,1987
blur,1484
bluetooth,763
blue,2037
blogspot,1608
blog,2624
block,2796
blob,1955
blend,1161
blank,2461
blah,1415
blackberri,1427
black,2176
bla,953
bitmap,2684
bit,2814
binder,1797
bind,2821
binari,2664
bin,2508
bill,1198
biggest,945
bigger,1809
big,2761
bid,1648
bi,1307
bg,1429
better,2819
beta,1252
bet,333
best,2797
benefit,1932
benchmark,1619
behaviour,1864
behavior,2693
behav,1549
beginn,1305
beauti,487
bean,2676
bb,599
baz,1334
batch,2347
bat,1349
basic,2813
basi,963
bash,1736
base64,1515
base,2840
bare,720
bar,2766
banner,1976
bank,1355
bandwidth,1514
band,979
ban,1570
ball,1507
balanc,922
bag,1214
bad,2682
backward,303
backup,2017
backslash,1024
background,2779
backend,1007
back,1339
b2,1102
b1,255
axi,1491
ax,1647
awt,1874
awk,1152
awesom,1704
awar,2308
aw,1798
avg,1393
averag,2066
avd,1196
avail,1807
av,1524
autowir,911
autoreleas,2051
automat,2741
autom,1672
autoload,1746
autocomplet,2149
auto,2723
author,2681
authent,2741
audit,1761
audio,2574
attribut,2817
attr,2652
attempt,2664
attack,1635
attach,2681
atom,1217
asynchron,2078
async,2638
assumpt,1517
assum,2772
associ,2626
assist,565
assign,2760
asset,1757
assert,2212
assembl,2734
aspx,2697
aspnet,1495
aspect,1999
asp,2799
asm,721
ask,2355
asihttp,1246
ash,338
ascx,1608
ascii,2018
asc,1711
as3,178
artifact,1908
articl,2793
art,1560
arrow,1985
arriv,1827
arraylist,1694
arrang,813
arrai,2829
arr,2363
armv7,1078
armv6,843
arithmet,1218
arial,724
argv,1888
argument,2770
argc,1051
arg2,1288
arg1,1581
arg,2730
area,2691
archiv,2479
architectur,2076
arbitrari,2260
ar,1427
approv,1606
appropri,2636
approach,2756
appreci,2619
applic,2841
appli,2778
applet,1499
appl,2666
appengin,1606
append,2758
appear,2751
app,2841
apk,1546
api,2801
apart,1768
apache2,1383
apach,2486
ap,2249
aop,1034
ant,2635
answer,2819
ansi,1944
anonym,2236
annot,2605
annoi,483
anim,2760
angl,135
angela,406
android,2812
anchor,2127
ancestor,1581
analyz,1836
analyt,1593
analysi,2047
amzn,958
amp,933
amount,2575
amd64,763
amazon,1687
altern,2743
alter,2311
alt,2351
alphabet,1283
alpha,1975
allow,2826
alloc,2716
aliv,1394
align,2507
alias,1510
alia,2200
algorithm,2718
alert,2735
album,835
alarm,1734
al,1249
ajax,2777
air,1722
aimt,1210
aid,789
ahead,1401
agre,1380
ago,1742
aggreg,1709
agent,2311
ag,2373
affect,1617
ae,974
advis,1865
advic,2025
advantag,2316
advanc,2767
adob,1779
ado,1513
administr,1868
admin,2692
adjust,1939
address,2812
addr,1645
addon,1747
addition,676
addit,2757
add,2847
adb,1691
adapt,2700
ad,2795
actual,2758
activex,1261
activerecord,555
activ,2823
actionscript,1781
action,2836
act,1602
acl,1552
achiev,2632
account,2759
accordion,950
accomplish,2218
accommod,1257
accessor,1989
access,2838
accept,2709
acceler,512
ac,966
abstract,2642
absolut,2561
abort,2063
abil,2299
abc,2418
ab,1641
aaa,1967
aa,1316
a2,1244
a1,1289
5px,688
5f,81
3rd,1806
3d,1356
3a,1450
2nd,1833
2f,974
2d,1491
28v,1428
28java,1661
20px,720
200px,653
1st,1444
1px,923
14px,1261
139px,646
11px,698
10px,899
100px,684
0x,1152
0px,736
0m,1469
0f,1289
